,strain,replicate,techRep,bioRep,drug,time,person,OD_24h,OD_48h,OD_72h,OD_72h_Mixed
A0210M,A02,1,A,one,0,0,M,1.4444,1.5049,1.5076,1.0767
A0220M,A02,2,A,one,0,0,M,1.4363,1.5024,1.5057,1.0746
A0230M,A02,3,A,one,0,0,M,1.4385,1.5037,1.5049,1.0799
A0240M,A02,4,A,one,0,0,M,1.4272,1.4903,1.4948,1.0646
A0250M,A02,5,A,one,0,0,M,1.4245,1.4897,1.4919,1.0693
A0260M,A02,6,A,one,0,0,M,1.4405,1.4921,1.4942,1.0537
A0270M,A02,7,A,one,0,0,M,1.427,1.4869,1.4917,1.0561
A0280M,A02,8,A,one,0,0,M,1.4382,1.4984,1.4981,1.0716
A0290M,A02,9,A,one,0,0,M,1.4327,1.4951,1.4955,1.0479
A02100M,A02,10,A,one,0,0,M,1.4361,1.4959,1.4949,1.0473
A02110M,A02,11,A,one,0,0,M,1.4429,1.4987,1.5008,1.0414
A02120M,A02,12,A,one,0,0,M,1.4412,1.4972,1.4998,1.0443
A0210M,A02,1,B,one,0,0,M,1.4917,1.4957,1.5074,1.0649
A0220M,A02,2,B,one,0,0,M,1.4851,1.4894,1.4958,1.0784
A0230M,A02,3,B,one,0,0,M,1.4817,1.4951,1.5007,1.0761
A0240M,A02,4,B,one,0,0,M,1.4702,1.4902,1.4907,1.0519
A0250M,A02,5,B,one,0,0,M,1.4667,1.4885,1.4874,1.0709
A0260M,A02,6,B,one,0,0,M,1.4667,1.4917,1.4903,1.0641
A0270M,A02,7,B,one,0,0,M,1.4527,1.4785,1.4806,1.0305
A0280M,A02,8,B,one,0,0,M,1.4627,1.4891,1.4895,1.0772
A0290M,A02,9,B,one,0,0,M,1.4603,1.4836,1.49,1.0392
A02100M,A02,10,B,one,0,0,M,1.4632,1.4835,1.4863,1.058
A02110M,A02,11,B,one,0,0,M,1.4626,1.4828,1.4896,1.0597
A02120M,A02,12,B,one,0,0,M,1.4662,1.4868,1.4947,1.0606
A0210Q,A02,1,A,one,0,0,Q,1.4672,1.366833,1.5146,1.0831
A0220Q,A02,2,A,one,0,0,Q,1.4685,1.368233,1.512,1.0644
A0230Q,A02,3,A,one,0,0,Q,1.461,1.363333,1.5047,1.0897
A0240Q,A02,4,A,one,0,0,Q,1.4588,1.362933,1.5012,1.0873
A0250Q,A02,5,A,one,0,0,Q,1.4472,1.357633,1.4979,1.1001
A0260Q,A02,6,A,one,0,0,Q,1.4438,1.354733,1.4913,1.1422
A0270Q,A02,7,A,one,0,0,Q,1.4486,1.360833,1.4988,1.0762
A0280Q,A02,8,A,one,0,0,Q,1.4531,1.357933,1.5058,1.0796
A0290Q,A02,9,A,one,0,0,Q,1.4526,1.358033,1.5041,1.0739
A02100Q,A02,10,A,one,0,0,Q,1.4554,1.362133,1.5095,1.0585
A02110Q,A02,11,A,one,0,0,Q,1.4508,1.357233,1.511,1.0735
A02120Q,A02,12,A,one,0,0,Q,1.4446,1.352933,1.5073,1.0474
A0210Q,A02,1,B,one,0,0,Q,1.4812,1.378433,1.5291,1.0692
A0220Q,A02,2,B,one,0,0,Q,1.4836,1.381233,1.5257,1.07
A0230Q,A02,3,B,one,0,0,Q,1.4783,1.383533,1.5247,1.0817
A0240Q,A02,4,B,one,0,0,Q,1.479,1.382833,1.5247,1.0678
A0250Q,A02,5,B,one,0,0,Q,1.4746,1.378533,1.5284,1.0658
A0260Q,A02,6,B,one,0,0,Q,1.4762,1.377433,1.5277,1.0496
A0270Q,A02,7,B,one,0,0,Q,1.4762,1.378733,1.531,1.0604
A0280Q,A02,8,B,one,0,0,Q,1.4747,1.381633,1.5353,1.0604
A0290Q,A02,9,B,one,0,0,Q,1.4691,1.372433,1.522,1.0526
A02100Q,A02,10,B,one,0,0,Q,1.4678,1.368833,1.5217,1.0476
A02110Q,A02,11,B,one,0,0,Q,1.4807,1.371733,1.5299,1.0682
A02120Q,A02,12,B,one,0,0,Q,1.4732,1.362033,1.5249,1.0484
A0210M,A02,1,A,one,0.5,0,M,0.3214,0.3635,0.3899,0.2826
A0220M,A02,2,A,one,0.5,0,M,0.1824,0.1913,0.2827,0.1626
A0230M,A02,3,A,one,0.5,0,M,0.2434,0.3266,0.3041,0.2162
A0240M,A02,4,A,one,0.5,0,M,0.152,0.1801,0.2064,0.1216
A0250M,A02,5,A,one,0.5,0,M,0.1762,0.2148,0.2504,0.1633
A0260M,A02,6,A,one,0.5,0,M,0.1344,0.1609,0.1866,0.1207
A0270M,A02,7,A,one,0.5,0,M,0.1531,0.1795,0.2084,0.1275
A0280M,A02,8,A,one,0.5,0,M,0.1836,0.2165,0.2499,0.1432
A0290M,A02,9,A,one,0.5,0,M,0.1351,0.1526,0.177,0.1668
A02100M,A02,10,A,one,0.5,0,M,0.1553,0.1847,0.2112,0.1596
A02110M,A02,11,A,one,0.5,0,M,0.1849,0.2239,0.2563,0.1654
A02120M,A02,12,A,one,0.5,0,M,0.189,0.2349,0.2672,0.1734
A0210M,A02,1,B,one,0.5,0,M,0.3286,0.3917,0.4372,0.273
A0220M,A02,2,B,one,0.5,0,M,0.1546,0.1978,0.2206,0.1685
A0230M,A02,3,B,one,0.5,0,M,0.2304,0.2954,0.327,0.1999
A0240M,A02,4,B,one,0.5,0,M,0.1533,0.1865,0.2058,0.1464
A0250M,A02,5,B,one,0.5,0,M,0.1666,0.2014,0.2243,0.1906
A0260M,A02,6,B,one,0.5,0,M,0.128,0.1499,0.1646,0.1256
A0270M,A02,7,B,one,0.5,0,M,0.142,0.1661,0.1859,0.1268
A0280M,A02,8,B,one,0.5,0,M,0.1683,0.2021,0.2284,0.1476
A0290M,A02,9,B,one,0.5,0,M,0.1138,0.1319,0.1488,0.1365
A02100M,A02,10,B,one,0.5,0,M,0.1459,0.1767,0.2015,0.1764
A02110M,A02,11,B,one,0.5,0,M,0.1889,0.2306,0.2627,0.1293
A02120M,A02,12,B,one,0.5,0,M,0.1882,0.2282,0.259,0.1405
A0210M,A02,1,C,one,0.5,0,M,0.2846,0.3288,0.3719,0.2371
A0220M,A02,2,C,one,0.5,0,M,0.1512,0.1786,0.2026,0.1875
A0230M,A02,3,C,one,0.5,0,M,0.1921,0.2354,0.2629,0.2055
A0240M,A02,4,C,one,0.5,0,M,0.1038,0.1334,0.1585,0.151
A0250M,A02,5,C,one,0.5,0,M,0.1253,0.1566,0.1815,0.1716
A0260M,A02,6,C,one,0.5,0,M,0.1018,0.1269,0.1385,0.1231
A0270M,A02,7,C,one,0.5,0,M,0.104,0.1313,0.1474,0.1244
A0280M,A02,8,C,one,0.5,0,M,0.1259,0.162,0.1834,0.1461
A0290M,A02,9,C,one,0.5,0,M,0.0832,0.112,0.1267,0.1142
A02100M,A02,10,C,one,0.5,0,M,0.1058,0.1403,0.1586,0.1481
A02110M,A02,11,C,one,0.5,0,M,0.1426,0.1834,0.205,0.1413
A02120M,A02,12,C,one,0.5,0,M,0.1352,0.1741,0.1884,0.1634
A0210Q,A02,1,A,one,0.5,0,Q,0.135,0.196,0.1903,0.1594
A0220Q,A02,2,A,one,0.5,0,Q,0.0971,0.1561,0.1352,0.1047
A0230Q,A02,3,A,one,0.5,0,Q,0.1156,0.1628,0.1555,0.1195
A0240Q,A02,4,A,one,0.5,0,Q,0.0893,0.1484,0.1237,0.1007
A0250Q,A02,5,A,one,0.5,0,Q,0.1138,0.1682,0.1543,0.143
A0260Q,A02,6,A,one,0.5,0,Q,0.0782,0.1105,0.0989,0.12
A0270Q,A02,7,A,one,0.5,0,Q,0.0813,0.1315,0.117,0.1005
A0280Q,A02,8,A,one,0.5,0,Q,0.0674,0.1204,0.0964,0.0909
A0290Q,A02,9,A,one,0.5,0,Q,0.07,0.1346,0.1074,0.1175
A02100Q,A02,10,A,one,0.5,0,Q,0.0576,0.1179,0.1059,0.0847
A02110Q,A02,11,A,one,0.5,0,Q,0.0737,0.1197,0.1298,0.0968
A02120Q,A02,12,A,one,0.5,0,Q,0.0367,0.0838,0.0893,0.1159
A0210Q,A02,1,B,one,0.5,0,Q,0.1358,0.1786,0.1868,0.1232
A0220Q,A02,2,B,one,0.5,0,Q,0.1255,0.1512,0.1535,0.1026
A0230Q,A02,3,B,one,0.5,0,Q,0.1438,0.1768,0.1806,0.1056
A0240Q,A02,4,B,one,0.5,0,Q,0.137,0.1743,0.1696,0.1005
A0250Q,A02,5,B,one,0.5,0,Q,0.1573,0.2034,0.2014,0.1159
A0260Q,A02,6,B,one,0.5,0,Q,0.1225,0.1415,0.1442,0.0827
A0270Q,A02,7,B,one,0.5,0,Q,0.1257,0.1604,0.1654,0.1019
A0280Q,A02,8,B,one,0.5,0,Q,0.106,0.1259,0.1257,0.0832
A0290Q,A02,9,B,one,0.5,0,Q,0.1207,0.1363,0.1421,0.0942
A02100Q,A02,10,B,one,0.5,0,Q,0.0896,0.1079,0.1016,0.1223
A02110Q,A02,11,B,one,0.5,0,Q,0.1066,0.1282,0.1282,0.092
A02120Q,A02,12,B,one,0.5,0,Q,0.0498,0.0643,0.0768,0.1011
A0235Q,A02,3,A,one,0,5,Q,1.3761,1.433867,1.4536,1.1564
A0265Q,A02,6,A,one,0,5,Q,1.3533,1.432467,1.4645,1.1792
A0235Q,A02,3,B,one,0,5,Q,1.4082,1.475767,1.4783,1.0828
A0265Q,A02,6,B,one,0,5,Q,1.3837,1.482867,1.4822,1.0781
A0235Q,A02,3,A,one,0.5,5,Q,0.253,0.3908,0.4031,0.2626
A0265Q,A02,6,A,one,0.5,5,Q,0.2147,0.2909,0.2645,0.2371
A0235Q,A02,3,B,one,0.5,5,Q,0.2574,0.3867,0.4005,0.2629
A0310M,A03,1,A,one,0,0,M,1.4534,1.5025,1.5061,1.086
A0320M,A03,2,A,one,0,0,M,1.4424,1.4883,1.4957,1.0817
A0330M,A03,3,A,one,0,0,M,1.4421,1.4932,1.4987,1.092
A0340M,A03,4,A,one,0,0,M,1.4342,1.4925,1.4979,1.0835
A0350M,A03,5,A,one,0,0,M,1.4342,1.4932,1.5,1.0911
A0360M,A03,6,A,one,0,0,M,1.434,1.4954,1.5007,1.0925
A0370M,A03,7,A,one,0,0,M,1.4362,1.4908,1.497,1.0887
A0380M,A03,8,A,one,0,0,M,1.44,1.4902,1.4969,1.0873
A0390M,A03,9,A,one,0,0,M,1.4413,1.4922,1.4949,1.0807
A03100M,A03,10,A,one,0,0,M,1.4371,1.4887,1.4935,1.072
A03110M,A03,11,A,one,0,0,M,1.4421,1.4905,1.4955,1.0765
A03120M,A03,12,A,one,0,0,M,1.4369,1.4884,1.4934,1.0861
A0310M,A03,1,B,one,0,0,M,1.4885,1.4934,1.5082,1.0975
A0320M,A03,2,B,one,0,0,M,1.4623,1.479,1.4903,1.0811
A0330M,A03,3,B,one,0,0,M,1.4611,1.4807,1.4909,1.0913
A0340M,A03,4,B,one,0,0,M,1.4698,1.4881,1.4915,1.1023
A0350M,A03,5,B,one,0,0,M,1.4703,1.4897,1.4937,1.1057
A0360M,A03,6,B,one,0,0,M,1.4726,1.4892,1.4921,1.1066
A0370M,A03,7,B,one,0,0,M,1.4584,1.4856,1.4875,1.0965
A0380M,A03,8,B,one,0,0,M,1.4519,1.484,1.4881,1.1033
A0390M,A03,9,B,one,0,0,M,1.4612,1.4857,1.4962,1.0936
A03100M,A03,10,B,one,0,0,M,1.4537,1.4779,1.49,1.0879
A03110M,A03,11,B,one,0,0,M,1.4588,1.476,1.4852,1.09
A03120M,A03,12,B,one,0,0,M,1.454,1.4713,1.4828,1.0844
A0310Q,A03,1,A,one,0,0,Q,1.4721,1.371133,1.5152,1.1119
A0320Q,A03,2,A,one,0,0,Q,1.4774,1.374833,1.5156,1.1025
A0330Q,A03,3,A,one,0,0,Q,1.462,1.364733,1.5015,1.0887
A0340Q,A03,4,A,one,0,0,Q,1.46,1.366133,1.5034,1.092
A0350Q,A03,5,A,one,0,0,Q,1.459,1.366933,1.5047,1.0797
A0360Q,A03,6,A,one,0,0,Q,1.4591,1.368933,1.5068,1.1207
A0370Q,A03,7,A,one,0,0,Q,1.4536,1.365233,1.5014,1.0915
A0380Q,A03,8,A,one,0,0,Q,1.4575,1.363933,1.5033,1.0795
A0390Q,A03,9,A,one,0,0,Q,1.453,1.360333,1.5019,1.0696
A03100Q,A03,10,A,one,0,0,Q,1.4584,1.356733,1.5088,1.0591
A03110Q,A03,11,A,one,0,0,Q,1.4581,1.355833,1.5072,1.0943
A03120Q,A03,12,A,one,0,0,Q,1.4552,1.347133,1.5018,1.0558
A0310Q,A03,1,B,one,0,0,Q,1.4927,1.386033,1.5373,1.0636
A0320Q,A03,2,B,one,0,0,Q,1.4985,1.393033,1.5343,1.0716
A0330Q,A03,3,B,one,0,0,Q,1.4946,1.391433,1.5342,1.0625
A0340Q,A03,4,B,one,0,0,Q,1.4936,1.392533,1.533,1.0678
A0350Q,A03,5,B,one,0,0,Q,1.4904,1.388733,1.5364,1.0807
A0360Q,A03,6,B,one,0,0,Q,1.484,1.386733,1.5361,1.0755
A0370Q,A03,7,B,one,0,0,Q,1.4841,1.387533,1.5381,1.082
A0380Q,A03,8,B,one,0,0,Q,1.489,1.386233,1.5391,1.0713
A0390Q,A03,9,B,one,0,0,Q,1.4922,1.386633,1.5438,1.0714
A03100Q,A03,10,B,one,0,0,Q,1.4875,1.381633,1.5388,1.0611
A03110Q,A03,11,B,one,0,0,Q,1.4948,1.384533,1.5389,1.0632
A03120Q,A03,12,B,one,0,0,Q,1.4892,1.376833,1.5337,1.0643
A0310M,A03,1,A,one,0.5,0,M,0.3621,1.0199,1.1286,0.5724
A0320M,A03,2,A,one,0.5,0,M,0.3197,1.014,1.075,0.53
A0330M,A03,3,A,one,0.5,0,M,0.3359,1.075,1.1667,0.4854
A0340M,A03,4,A,one,0.5,0,M,0.3305,0.9841,1.1196,0.4559
A0350M,A03,5,A,one,0.5,0,M,0.3532,1.0574,1.1654,0.5024
A0360M,A03,6,A,one,0.5,0,M,0.3323,1.0086,1.1172,0.4768
A0370M,A03,7,A,one,0.5,0,M,0.3064,0.961,1.0865,0.4533
A0380M,A03,8,A,one,0.5,0,M,0.3143,0.9901,1.1055,0.4691
A0390M,A03,9,A,one,0.5,0,M,0.3155,0.8776,1.024,0.4197
A03100M,A03,10,A,one,0.5,0,M,0.3134,0.9406,1.0656,0.4094
A03110M,A03,11,A,one,0.5,0,M,0.2905,0.9413,1.0663,0.3935
A03120M,A03,12,A,one,0.5,0,M,0.3074,1.0176,1.1441,0.4562
A0310M,A03,1,B,one,0.5,0,M,0.3128,0.9769,1.1179,0.4716
A0320M,A03,2,B,one,0.5,0,M,0.2416,0.8745,1.0294,0.4529
A0330M,A03,3,B,one,0.5,0,M,0.3107,0.9688,1.1057,0.4947
A0340M,A03,4,B,one,0.5,0,M,0.3407,1.0056,1.122,0.4698
A0350M,A03,5,B,one,0.5,0,M,0.315,0.9468,1.0799,0.4775
A0360M,A03,6,B,one,0.5,0,M,0.2787,0.728,0.904,0.4687
A0370M,A03,7,B,one,0.5,0,M,0.2829,0.8269,0.9767,0.4568
A0380M,A03,8,B,one,0.5,0,M,0.2839,0.8395,0.9912,0.4622
A0390M,A03,9,B,one,0.5,0,M,0.3014,0.7453,0.9116,0.4299
A03100M,A03,10,B,one,0.5,0,M,0.3124,0.8511,1.0015,0.4477
A03110M,A03,11,B,one,0.5,0,M,0.2681,0.8164,0.9721,0.4105
A03120M,A03,12,B,one,0.5,0,M,0.3747,1.0255,1.1476,0.5045
A0310M,A03,1,C,one,0.5,0,M,0.2344,0.7808,0.9628,0.4384
A0320M,A03,2,C,one,0.5,0,M,0.2187,0.5942,0.8011,0.4206
A0330M,A03,3,C,one,0.5,0,M,0.2659,0.8652,1.0142,0.5312
A0340M,A03,4,C,one,0.5,0,M,0.2433,0.6062,0.8135,0.4442
A0350M,A03,5,C,one,0.5,0,M,0.2436,0.5218,0.7396,0.4555
A0360M,A03,6,C,one,0.5,0,M,0.2244,0.3374,0.4999,0.4209
A0370M,A03,7,C,one,0.5,0,M,0.2228,0.349,0.4981,0.4153
A0380M,A03,8,C,one,0.5,0,M,0.2332,0.3362,0.4728,0.4192
A0390M,A03,9,C,one,0.5,0,M,0.2126,0.3086,0.4078,0.3686
A03100M,A03,10,C,one,0.5,0,M,0.2185,0.3325,0.4664,0.3904
A03110M,A03,11,C,one,0.5,0,M,0.2095,0.5162,0.7103,0.3958
A03120M,A03,12,C,one,0.5,0,M,0.2041,0.8206,0.9998,0.4277
A0310Q,A03,1,A,one,0.5,0,Q,0.1984,0.3845,0.434,0.2629
A0320Q,A03,2,A,one,0.5,0,Q,0.1849,0.2835,0.2993,0.2483
A0330Q,A03,3,A,one,0.5,0,Q,0.1933,0.3161,0.3466,0.2454
A0340Q,A03,4,A,one,0.5,0,Q,0.1989,0.3413,0.3758,0.2382
A0350Q,A03,5,A,one,0.5,0,Q,0.1894,0.3077,0.3356,0.2397
A0360Q,A03,6,A,one,0.5,0,Q,0.194,0.2926,0.3304,0.2469
A0370Q,A03,7,A,one,0.5,0,Q,0.1728,0.2787,0.3276,0.222
A0380Q,A03,8,A,one,0.5,0,Q,0.1989,0.3084,0.376,0.2555
A0390Q,A03,9,A,one,0.5,0,Q,0.179,0.2839,0.3302,0.2389
A03100Q,A03,10,A,one,0.5,0,Q,0.1881,0.2992,0.3437,0.3025
A03110Q,A03,11,A,one,0.5,0,Q,0.1784,0.2599,0.3059,0.2288
A03120Q,A03,12,A,one,0.5,0,Q,0.1959,0.4306,0.5169,0.2641
A0310Q,A03,1,B,one,0.5,0,Q,0.1731,0.2909,0.3551,0.2266
A0320Q,A03,2,B,one,0.5,0,Q,0.2163,0.3318,0.3823,0.2364
A0330Q,A03,3,B,one,0.5,0,Q,0.1989,0.2974,0.3327,0.2236
A0340Q,A03,4,B,one,0.5,0,Q,0.2089,0.3334,0.3738,0.2226
A0350Q,A03,5,B,one,0.5,0,Q,0.2185,0.3488,0.3861,0.2166
A0360Q,A03,6,B,one,0.5,0,Q,0.2011,0.2943,0.3261,0.2125
A0370Q,A03,7,B,one,0.5,0,Q,0.215,0.3307,0.3796,0.2195
A0380Q,A03,8,B,one,0.5,0,Q,0.2263,0.3388,0.4201,0.2401
A0390Q,A03,9,B,one,0.5,0,Q,0.2138,0.3166,0.3654,0.2321
A03100Q,A03,10,B,one,0.5,0,Q,0.1992,0.2934,0.3337,0.2728
A03110Q,A03,11,B,one,0.5,0,Q,0.2018,0.2832,0.3243,0.1895
A03120Q,A03,12,B,one,0.5,0,Q,0.233,0.3639,0.4841,0.2375
A0375M,A03,7,A,one,0,5,M,0.0098,0.0033,0.0044,-0.0155
A0375M,A03,7,B,one,0,5,M,0.0102,-0.0009,-0.0061,-0.0037
A0325Q,A03,2,A,one,0,5,Q,1.4333,1.479267,1.4846,1.1611
A0335Q,A03,3,A,one,0,5,Q,1.4642,1.505167,1.4991,1.1254
A0365Q,A03,6,A,one,0,5,Q,1.2224,1.324867,1.3281,0.9934
A0375Q,A03,7,A,one,0,5,Q,1.2642,1.309767,1.3158,1.0621
A0385Q,A03,8,A,one,0,5,Q,1.4115,1.437867,1.4488,1.032
A0395Q,A03,9,A,one,0,5,Q,1.4107,1.471067,1.4844,1.0069
A03115Q,A03,11,A,one,0,5,Q,1.4328,1.466067,1.501,1.0707
A0325Q,A03,2,B,one,0,5,Q,1.4533,1.503767,1.5103,1.1153
A0335Q,A03,3,B,one,0,5,Q,1.499,1.535767,1.5334,1.175
A0365Q,A03,6,B,one,0,5,Q,1.2425,1.351667,1.3488,0.9898
A0375Q,A03,7,B,one,0,5,Q,1.2641,1.334067,1.3277,1.0513
A0385Q,A03,8,B,one,0,5,Q,1.4291,1.469467,1.458,1.0799
A0395Q,A03,9,B,one,0,5,Q,1.4374,1.504867,1.4967,1.0191
A03115Q,A03,11,B,one,0,5,Q,1.4517,1.499167,1.4909,1.0497
A0375M,A03,7,A,one,0.5,5,M,0.0139,-0.0002,0.0009,-0.0027
A0375M,A03,7,B,one,0.5,5,M,0.0183,0.0005,-0.0016,-0.004
A0375M,A03,7,C,one,0.5,5,M,-0.0154,-0.0039,0.0015,0.0031
A0325Q,A03,2,A,one,0.5,5,Q,0.5167,1.1297,1.1755,0.5532
A0335Q,A03,3,A,one,0.5,5,Q,0.1802,0.8684,0.9296,0.367
A0365Q,A03,6,A,one,0.5,5,Q,0.1697,0.2896,0.3465,0.4238
A0375Q,A03,7,A,one,0.5,5,Q,0.3931,0.6771,0.7584,0.4702
A0385Q,A03,8,A,one,0.5,5,Q,0.1723,0.312,0.6787,0.5205
A0395Q,A03,9,A,one,0.5,5,Q,0.131,0.9468,1.1082,0.4901
A03115Q,A03,11,A,one,0.5,5,Q,0.0772,0.1688,0.265,0.5801
A0325Q,A03,2,B,one,0.5,5,Q,0.3229,1.1061,1.1843,0.5361
A0335Q,A03,3,B,one,0.5,5,Q,0.1791,0.7585,0.8901,0.3842
A0365Q,A03,6,B,one,0.5,5,Q,0.1686,0.2747,0.3114,0.4087
A0375Q,A03,7,B,one,0.5,5,Q,0.3702,0.6942,0.7721,0.4447
A0385Q,A03,8,B,one,0.5,5,Q,0.1797,0.2933,0.5943,0.5228
A0395Q,A03,9,B,one,0.5,5,Q,0.1256,0.76,1.0675,0.4935
A03115Q,A03,11,B,one,0.5,5,Q,0.0877,0.1657,0.362,0.6013
A0410M,A04,1,A,one,0,0,M,1.4839,1.518,1.5263,1.1463
A0420M,A04,2,A,one,0,0,M,1.4718,1.5106,1.5148,1.1104
A0430M,A04,3,A,one,0,0,M,1.4679,1.5005,1.5089,1.1216
A0440M,A04,4,A,one,0,0,M,1.4711,1.5123,1.5219,1.1257
A0450M,A04,5,A,one,0,0,M,1.459,1.5024,1.5084,1.1107
A0460M,A04,6,A,one,0,0,M,1.4619,1.5099,1.5118,1.112
A0470M,A04,7,A,one,0,0,M,1.4518,1.4944,1.5054,1.1115
A0480M,A04,8,A,one,0,0,M,1.4746,1.5147,1.52,1.1115
A0490M,A04,9,A,one,0,0,M,1.4567,1.5078,1.5125,1.0931
A04100M,A04,10,A,one,0,0,M,1.4561,1.506,1.5123,1.0866
A04110M,A04,11,A,one,0,0,M,1.4683,1.5119,1.5169,1.0801
A0410M,A04,1,B,one,0,0,M,1.4973,1.5058,1.5128,1.1137
A0420M,A04,2,B,one,0,0,M,1.4807,1.5056,1.5124,1.1299
A0430M,A04,3,B,one,0,0,M,1.466,1.4971,1.5007,1.1213
A0440M,A04,4,B,one,0,0,M,1.4688,1.5033,1.5076,1.1296
A0450M,A04,5,B,one,0,0,M,1.4677,1.4964,1.4976,1.1081
A0460M,A04,6,B,one,0,0,M,1.4815,1.5047,1.5047,1.1245
A0470M,A04,7,B,one,0,0,M,1.4645,1.489,1.4959,1.1133
A0480M,A04,8,B,one,0,0,M,1.481,1.5116,1.5119,1.1281
A0490M,A04,9,B,one,0,0,M,1.4667,1.4971,1.4983,1.0938
A04100M,A04,10,B,one,0,0,M,1.4705,1.5036,1.5104,1.1105
A04110M,A04,11,B,one,0,0,M,1.4675,1.5002,1.5098,1.083
A0410M,A04,1,A,one,0.5,0,M,0.3759,0.8139,0.9684,0.368
A0420M,A04,2,A,one,0.5,0,M,0.4272,0.8501,0.9946,0.3631
A0430M,A04,3,A,one,0.5,0,M,0.4106,0.916,1.0538,0.3795
A0440M,A04,4,A,one,0.5,0,M,0.3809,0.8415,1.0347,0.3849
A0450M,A04,5,A,one,0.5,0,M,0.3295,0.7583,0.9579,0.3573
A0460M,A04,6,A,one,0.5,0,M,0.3661,0.8669,1.0392,0.3362
A0470M,A04,7,A,one,0.5,0,M,0.3661,0.8131,0.9773,0.3046
A0480M,A04,8,A,one,0.5,0,M,0.3387,0.6723,0.861,0.2558
A0490M,A04,9,A,one,0.5,0,M,0.3546,0.7994,0.9871,0.2886
A04100M,A04,10,A,one,0.5,0,M,0.3229,0.7679,0.9595,0.2794
A04110M,A04,11,A,one,0.5,0,M,0.3018,0.5881,0.7901,0.2319
A0410M,A04,1,B,one,0.5,0,M,0.4711,0.9567,1.1012,0.3781
A0420M,A04,2,B,one,0.5,0,M,0.4239,0.8985,1.0716,0.3799
A0430M,A04,3,B,one,0.5,0,M,0.4432,0.8963,1.0775,0.3981
A0440M,A04,4,B,one,0.5,0,M,0.7786,1.1374,1.2436,0.4202
A0450M,A04,5,B,one,0.5,0,M,0.4049,0.8451,1.0303,0.372
A0460M,A04,6,B,one,0.5,0,M,0.4035,0.8626,1.0455,0.3733
A0470M,A04,7,B,one,0.5,0,M,0.37,0.7056,0.8865,0.3462
A0480M,A04,8,B,one,0.5,0,M,0.3922,0.7187,0.915,0.3136
A0490M,A04,9,B,one,0.5,0,M,0.4479,0.8667,1.0579,0.3479
A04100M,A04,10,B,one,0.5,0,M,0.465,0.8967,1.0756,0.327
A04110M,A04,11,B,one,0.5,0,M,0.313,0.5531,0.7682,0.3032
A0410M,A04,1,C,one,0.5,0,M,0.3342,0.5916,0.8068,0.3423
A0420M,A04,2,C,one,0.5,0,M,0.3793,0.7164,0.9266,0.3802
A0430M,A04,3,C,one,0.5,0,M,0.3758,0.6697,0.8822,0.3887
A0440M,A04,4,C,one,0.5,0,M,0.3432,0.7163,0.9253,0.4333
A0450M,A04,5,C,one,0.5,0,M,0.2682,0.4966,0.712,0.3497
A0460M,A04,6,C,one,0.5,0,M,0.2874,0.5599,0.7768,0.3671
A0470M,A04,7,C,one,0.5,0,M,0.2808,0.5004,0.6865,0.3027
A0480M,A04,8,C,one,0.5,0,M,0.2711,0.4612,0.6557,0.2761
A0490M,A04,9,C,one,0.5,0,M,0.2956,0.5501,0.776,0.3501
A04100M,A04,10,C,one,0.5,0,M,0.2624,0.472,0.6596,0.321
A04110M,A04,11,C,one,0.5,0,M,0.2435,0.4029,0.526,0.2325
A0425M,A04,2,A,one,0,5,M,1.5266,1.537,1.5449,1.3638
A0465M,A04,6,A,one,0,5,M,1.5081,1.5232,1.5329,1.2206
A0475M,A04,7,A,one,0,5,M,1.4994,1.5372,1.5444,1.2822
A0485M,A04,8,A,one,0,5,M,1.5324,1.5373,1.5487,1.2521
A04105M,A04,10,A,one,0,5,M,1.4694,1.5241,1.5295,1.1796
A0425M,A04,2,B,one,0,5,M,1.4929,1.5238,1.5249,1.2184
A0465M,A04,6,B,one,0,5,M,1.5022,1.5228,1.5336,1.1959
A0475M,A04,7,B,one,0,5,M,1.4675,1.5223,1.5313,1.2083
A0485M,A04,8,B,one,0,5,M,1.514,1.5246,1.5412,1.1985
A04105M,A04,10,B,one,0,5,M,1.45,1.5213,1.5254,1.1393
A0425M,A04,2,A,one,0.5,5,M,1.3086,1.3961,1.4326,0.9483
A0465M,A04,6,A,one,0.5,5,M,0.9264,1.1598,1.2238,0.615
A0475M,A04,7,A,one,0.5,5,M,0.6863,1.0125,1.0877,0.6308
A0485M,A04,8,A,one,0.5,5,M,1.2079,1.3168,1.3669,0.7032
A04105M,A04,10,A,one,0.5,5,M,0.618,0.9494,1.0221,0.6039
A0425M,A04,2,B,one,0.5,5,M,1.3314,1.4177,1.4346,1.0362
A0465M,A04,6,B,one,0.5,5,M,0.9165,1.1603,1.223,0.6779
A0475M,A04,7,B,one,0.5,5,M,0.5265,0.906,0.9839,0.6925
A0485M,A04,8,B,one,0.5,5,M,1.231,1.3281,1.3828,0.76
A04105M,A04,10,B,one,0.5,5,M,0.6291,0.8523,0.9708,0.5613
A0425M,A04,2,C,one,0.5,5,M,1.2549,1.3915,1.4317,0.9708
A0465M,A04,6,C,one,0.5,5,M,0.944,1.1909,1.2534,0.6754
A0475M,A04,7,C,one,0.5,5,M,0.6351,0.9183,1.0212,0.5823
A0485M,A04,8,C,one,0.5,5,M,1.1856,1.3333,1.38,0.7729
A04105M,A04,10,C,one,0.5,5,M,0.6423,0.9867,1.0545,0.6111
A0810M,A08,1,A,one,0,0,M,1.4527,1.5086,1.5111,1.1186
A0820M,A08,2,A,one,0,0,M,1.447,1.4945,1.4991,1.0838
A0830M,A08,3,A,one,0,0,M,1.4512,1.4979,1.5008,1.0967
A0840M,A08,4,A,one,0,0,M,1.4482,1.4942,1.5045,1.0976
A0850M,A08,5,A,one,0,0,M,1.4532,1.4998,1.5055,1.0922
A0860M,A08,6,A,one,0,0,M,1.4553,1.4977,1.5033,1.0844
A0870M,A08,7,A,one,0,0,M,1.4577,1.5019,1.5106,1.0989
A0890M,A08,9,A,one,0,0,M,1.4462,1.4958,1.5018,1.0952
A08100M,A08,10,A,one,0,0,M,1.4257,1.4866,1.4923,1.1019
A08110M,A08,11,A,one,0,0,M,1.4501,1.5024,1.5067,1.0886
A08120M,A08,12,A,one,0,0,M,1.4319,1.4893,1.4967,1.0815
A0810M,A08,1,B,one,0,0,M,1.4641,1.4844,1.4958,1.0991
A0820M,A08,2,B,one,0,0,M,1.4562,1.4789,1.4953,1.0999
A0830M,A08,3,B,one,0,0,M,1.4604,1.4895,1.501,1.1173
A0840M,A08,4,B,one,0,0,M,1.4482,1.481,1.4987,1.1039
A0850M,A08,5,B,one,0,0,M,1.4593,1.491,1.5006,1.0999
A0860M,A08,6,B,one,0,0,M,1.4795,1.4969,1.5004,1.0916
A0870M,A08,7,B,one,0,0,M,1.4778,1.5015,1.5018,1.1037
A0890M,A08,9,B,one,0,0,M,1.4518,1.4873,1.4959,1.0978
A08100M,A08,10,B,one,0,0,M,1.4453,1.484,1.4988,1.1049
A08110M,A08,11,B,one,0,0,M,1.4554,1.4905,1.5051,1.0925
A08120M,A08,12,B,one,0,0,M,1.4437,1.4683,1.4846,1.0862
A0810M,A08,1,A,one,0.5,0,M,0.3017,0.6436,0.9653,0.7165
A0820M,A08,2,A,one,0.5,0,M,0.2655,0.4703,0.7102,0.593
A0830M,A08,3,A,one,0.5,0,M,0.5234,1.1128,1.2029,0.8078
A0840M,A08,4,A,one,0.5,0,M,0.3663,0.8257,1.0775,0.6793
A0850M,A08,5,A,one,0.5,0,M,0.2659,0.4976,0.747,0.4641
A0860M,A08,6,A,one,0.5,0,M,0.201,0.3438,0.441,0.2684
A0870M,A08,7,A,one,0.5,0,M,0.2076,0.3693,0.4837,0.4371
A0890M,A08,9,A,one,0.5,0,M,0.344,0.6822,0.956,0.7173
A08100M,A08,10,A,one,0.5,0,M,0.5131,0.9892,1.1379,0.8986
A08110M,A08,11,A,one,0.5,0,M,0.2916,0.5135,0.7486,0.4602
A08120M,A08,12,A,one,0.5,0,M,0.4078,0.8602,1.0896,0.743
A0810M,A08,1,B,one,0.5,0,M,0.2543,0.448,0.6515,0.553
A0820M,A08,2,B,one,0.5,0,M,0.238,0.4009,0.5339,0.5639
A0830M,A08,3,B,one,0.5,0,M,0.5234,0.8759,1.0663,0.8031
A0840M,A08,4,B,one,0.5,0,M,0.3837,0.7443,1.0295,0.6946
A0850M,A08,5,B,one,0.5,0,M,0.265,0.4569,0.6702,0.4324
A0860M,A08,6,B,one,0.5,0,M,0.2116,0.3449,0.468,0.313
A0870M,A08,7,B,one,0.5,0,M,0.2028,0.3336,0.427,0.4416
A0890M,A08,9,B,one,0.5,0,M,0.3351,0.5693,0.8273,0.666
A08100M,A08,10,B,one,0.5,0,M,0.5214,0.9232,1.0888,0.8887
A08110M,A08,11,B,one,0.5,0,M,0.2785,0.4444,0.6619,0.4761
A08120M,A08,12,B,one,0.5,0,M,0.4087,0.743,1.0186,0.7202
A0810M,A08,1,C,one,0.5,0,M,0.07,0.378,0.5151,0.4787
A0820M,A08,2,C,one,0.5,0,M,0.063,0.3656,0.4818,0.5189
A0830M,A08,3,C,one,0.5,0,M,0.3428,0.8553,1.0405,0.7899
A0840M,A08,4,C,one,0.5,0,M,0.1709,0.6431,0.9504,0.6311
A0850M,A08,5,C,one,0.5,0,M,0.0645,0.3742,0.5184,0.3637
A0860M,A08,6,C,one,0.5,0,M,0.0303,0.3209,0.4246,0.2472
A0870M,A08,7,C,one,0.5,0,M,0.028,0.3136,0.4008,0.4242
A0890M,A08,9,C,one,0.5,0,M,0.1442,0.5204,0.7472,0.5766
A08100M,A08,10,C,one,0.5,0,M,0.3838,1.0375,1.1125,0.9235
A08110M,A08,11,C,one,0.5,0,M,0.0948,0.4489,0.6611,0.4635
A08120M,A08,12,C,one,0.5,0,M,0.1744,0.6264,0.9013,0.6194
A1010M,A10,1,A,one,0,0,M,1.4078,1.4679,1.4661,1.0443
A1020M,A10,2,A,one,0,0,M,1.4239,1.471,1.4738,1.0465
A1030M,A10,3,A,one,0,0,M,1.4306,1.4788,1.4819,1.0407
A1040M,A10,4,A,one,0,0,M,1.4182,1.4698,1.4732,1.0457
A1050M,A10,5,A,one,0,0,M,1.4308,1.4792,1.4815,1.0365
A1060M,A10,6,A,one,0,0,M,1.4281,1.472,1.4755,1.042
A1070M,A10,7,A,one,0,0,M,1.4335,1.4794,1.4793,1.04
A1080M,A10,8,A,one,0,0,M,1.4309,1.4786,1.4811,1.0327
A1090M,A10,9,A,one,0,0,M,1.4305,1.4772,1.4787,1.0304
A10100M,A10,10,A,one,0,0,M,1.4319,1.4782,1.4784,1.0278
A10110M,A10,11,A,one,0,0,M,1.4231,1.4691,1.468,1.0325
A10120M,A10,12,A,one,0,0,M,1.4179,1.4651,1.4637,1.042
A1010M,A10,1,B,one,0,0,M,1.415,1.4351,1.4429,1.0629
A1020M,A10,2,B,one,0,0,M,1.4269,1.4511,1.4625,1.0555
A1030M,A10,3,B,one,0,0,M,1.4313,1.4592,1.4667,1.0481
A1040M,A10,4,B,one,0,0,M,1.4104,1.4379,1.4463,1.0578
A1050M,A10,5,B,one,0,0,M,1.4296,1.4591,1.4633,1.0569
A1060M,A10,6,B,one,0,0,M,1.4284,1.4424,1.4474,1.0562
A1070M,A10,7,B,one,0,0,M,1.4226,1.4404,1.4444,1.0581
A1080M,A10,8,B,one,0,0,M,1.4168,1.443,1.4499,1.0531
A1090M,A10,9,B,one,0,0,M,1.4278,1.4586,1.4651,1.0508
A10100M,A10,10,B,one,0,0,M,1.424,1.4493,1.4547,1.0422
A10110M,A10,11,B,one,0,0,M,1.3862,1.4163,1.4262,1.0425
A10120M,A10,12,B,one,0,0,M,1.4009,1.4221,1.4318,1.0458
A1010M,A10,1,A,one,0.5,0,M,0.8241,1.2052,1.2108,0.9996
A1020M,A10,2,A,one,0.5,0,M,0.6828,0.9879,1.144,0.9278
A1030M,A10,3,A,one,0.5,0,M,0.7518,1.1918,1.1999,0.9848
A1040M,A10,4,A,one,0.5,0,M,0.5282,1.029,1.121,0.9866
A1050M,A10,5,A,one,0.5,0,M,0.6886,1.1304,1.2271,0.9683
A1060M,A10,6,A,one,0.5,0,M,0.6677,1.0392,1.1446,0.9456
A1070M,A10,7,A,one,0.5,0,M,0.6478,1.0323,1.1437,0.9486
A1080M,A10,8,A,one,0.5,0,M,0.5564,0.9843,1.122,0.9783
A1090M,A10,9,A,one,0.5,0,M,0.7992,1.1799,1.2473,1.0036
A10100M,A10,10,A,one,0.5,0,M,0.6783,1.0792,1.1815,0.9687
A10110M,A10,11,A,one,0.5,0,M,0.8078,1.1745,1.2284,0.9817
A10120M,A10,12,A,one,0.5,0,M,0.6021,1.0257,1.1232,0.9852
A1010M,A10,1,B,one,0.5,0,M,0.8211,1.1537,1.1754,0.9499
A1020M,A10,2,B,one,0.5,0,M,0.7115,1.0871,1.1446,0.9665
A1030M,A10,3,B,one,0.5,0,M,0.7872,1.1615,1.2349,0.9845
A1040M,A10,4,B,one,0.5,0,M,0.5731,1.0133,1.1392,0.9688
A1050M,A10,5,B,one,0.5,0,M,0.746,1.1364,1.2234,0.9815
A1060M,A10,6,B,one,0.5,0,M,0.6684,1.0378,1.1194,0.9712
A1070M,A10,7,B,one,0.5,0,M,0.6475,1.0236,1.1194,0.9572
A1080M,A10,8,B,one,0.5,0,M,0.6278,1.0473,1.1534,0.9751
A1090M,A10,9,B,one,0.5,0,M,0.9015,1.2056,1.2589,0.9827
A10100M,A10,10,B,one,0.5,0,M,0.8535,1.1765,1.254,0.961
A10110M,A10,11,B,one,0.5,0,M,0.9014,1.2006,1.253,0.9657
A10120M,A10,12,B,one,0.5,0,M,0.6754,1.081,1.1786,0.9637
A1010M,A10,1,C,one,0.5,0,M,0.7084,1.0463,1.0906,0.9593
A1020M,A10,2,C,one,0.5,0,M,0.6475,1.0248,1.0787,0.9729
A1030M,A10,3,C,one,0.5,0,M,0.6471,1.0531,1.1246,0.9765
A1040M,A10,4,C,one,0.5,0,M,0.4157,0.8107,0.9567,0.9724
A1050M,A10,5,C,one,0.5,0,M,0.5608,0.989,1.0883,0.9783
A1060M,A10,6,C,one,0.5,0,M,0.5707,0.9647,1.0505,0.9685
A1070M,A10,7,C,one,0.5,0,M,0.5383,0.9439,1.0422,0.9475
A1080M,A10,8,C,one,0.5,0,M,0.4888,0.9177,1.0426,0.9802
A1090M,A10,9,C,one,0.5,0,M,0.6593,1.0514,1.1107,0.9652
A10100M,A10,10,C,one,0.5,0,M,0.5908,1.0369,1.1108,1.0262
A10110M,A10,11,C,one,0.5,0,M,0.6878,1.0575,1.1072,0.9436
A10120M,A10,12,C,one,0.5,0,M,0.4828,0.9104,1.0158,0.9588
A1015M,A10,1,A,one,0,5,M,1.4198,1.434,1.4486,1.1363
A1025M,A10,2,A,one,0,5,M,1.4886,1.4897,1.5019,1.1902
A1035M,A10,3,A,one,0,5,M,1.4782,1.4808,1.493,1.1549
A1045M,A10,4,A,one,0,5,M,1.4854,1.4928,1.4992,1.1439
A1055M,A10,5,A,one,0,5,M,1.4169,1.4267,1.4302,1.0531
A1065M,A10,6,A,one,0,5,M,1.4372,1.4455,1.4458,1.08
A1085M,A10,8,A,one,0,5,M,1.4732,1.4816,1.4894,1.1441
A1095M,A10,9,A,one,0,5,M,1.4821,1.4972,1.498,1.1886
A10105M,A10,10,A,one,0,5,M,1.4349,1.4453,1.4512,1.1491
A10115M,A10,11,A,one,0,5,M,1.466,1.475,1.4806,1.1583
A10125M,A10,12,A,one,0,5,M,1.4352,1.4483,1.4482,1.1658
A1015M,A10,1,B,one,0,5,M,1.3373,1.3729,1.3954,1.1434
A1025M,A10,2,B,one,0,5,M,1.4857,1.4974,1.5092,1.1716
A1035M,A10,3,B,one,0,5,M,1.4417,1.4587,1.4678,1.1562
A1045M,A10,4,B,one,0,5,M,1.4598,1.4826,1.4894,1.1625
A1055M,A10,5,B,one,0,5,M,1.3869,1.4136,1.4164,1.0808
A1065M,A10,6,B,one,0,5,M,1.4252,1.4456,1.453,1.0856
A1085M,A10,8,B,one,0,5,M,1.4676,1.4856,1.4968,1.1519
A1095M,A10,9,B,one,0,5,M,1.4707,1.4924,1.499,1.1774
A10105M,A10,10,B,one,0,5,M,1.3318,1.3695,1.3822,1.1408
A10115M,A10,11,B,one,0,5,M,1.4322,1.4405,1.4445,1.1502
A10125M,A10,12,B,one,0,5,M,1.3789,1.4014,1.4034,1.13
A1015M,A10,1,A,one,0.5,5,M,0.821,1.124,1.1826,1.0419
A1025M,A10,2,A,one,0.5,5,M,1.1758,1.3101,1.3203,1.0441
A1035M,A10,3,A,one,0.5,5,M,0.7171,1.0806,1.1918,0.9565
A1045M,A10,4,A,one,0.5,5,M,0.9756,1.2348,1.2827,1.0029
A1055M,A10,5,A,one,0.5,5,M,1.1173,1.3317,1.3412,0.9935
A1065M,A10,6,A,one,0.5,5,M,1.2051,1.3366,1.3426,0.9928
A1085M,A10,8,A,one,0.5,5,M,0.7904,1.1423,1.2136,1.044
A1095M,A10,9,A,one,0.5,5,M,0.9951,1.243,1.2891,0.9923
A10105M,A10,10,A,one,0.5,5,M,0.6164,1.0144,1.1476,1.0719
A10115M,A10,11,A,one,0.5,5,M,0.6835,1.078,1.1962,1.0799
A10125M,A10,12,A,one,0.5,5,M,0.7085,1.0665,1.1575,1.0403
A1015M,A10,1,B,one,0.5,5,M,0.7541,1.0165,1.1209,1.0039
A1025M,A10,2,B,one,0.5,5,M,1.0877,1.2339,1.2483,1.0332
A1035M,A10,3,B,one,0.5,5,M,0.6426,0.984,1.1058,1.0637
A1045M,A10,4,B,one,0.5,5,M,0.9669,1.2046,1.2312,1.123
A1055M,A10,5,B,one,0.5,5,M,1.0909,1.3506,1.358,1.0567
A1065M,A10,6,B,one,0.5,5,M,1.244,1.361,1.3701,1.072
A1085M,A10,8,B,one,0.5,5,M,0.7116,1.0455,1.133,1.0694
A1095M,A10,9,B,one,0.5,5,M,1.0196,1.2357,1.2614,1.0647
A10105M,A10,10,B,one,0.5,5,M,0.5341,0.8804,1.0431,1.0703
A10115M,A10,11,B,one,0.5,5,M,0.6664,1.016,1.1409,1.067
A10125M,A10,12,B,one,0.5,5,M,0.6081,0.9676,1.0874,1.0108
A1015M,A10,1,C,one,0.5,5,M,0.7554,1.0915,1.1691,0.9795
A1025M,A10,2,C,one,0.5,5,M,1.0551,1.256,1.2878,0.9796
A1035M,A10,3,C,one,0.5,5,M,0.6827,1.0516,1.1901,0.9727
A1045M,A10,4,C,one,0.5,5,M,1.1091,1.3122,1.3604,1.0194
A1055M,A10,5,C,one,0.5,5,M,1.0688,1.3383,1.3591,1.0155
A1065M,A10,6,C,one,0.5,5,M,1.1732,1.3427,1.3569,1.0003
A1085M,A10,8,C,one,0.5,5,M,0.7607,1.1415,1.2078,1.0235
A1095M,A10,9,C,one,0.5,5,M,1.0843,1.3013,1.3366,1.0021
A10105M,A10,10,C,one,0.5,5,M,0.6451,1.0576,1.1877,1.0007
A10115M,A10,11,C,one,0.5,5,M,0.709,1.1105,1.2214,0.9949
A10125M,A10,12,C,one,0.5,5,M,0.7061,1.1112,1.1865,0.9985
A1210M,A12,1,A,one,0,0,M,1.3176,1.3813,1.3842,1.0648
A1220M,A12,2,A,one,0,0,M,1.3032,1.3587,1.3636,1.018
A1230M,A12,3,A,one,0,0,M,1.2598,1.3224,1.327,1.0012
A1240M,A12,4,A,one,0,0,M,1.3088,1.3753,1.3786,1.0107
A1250M,A12,5,A,one,0,0,M,1.3148,1.3663,1.3724,1.0293
A1260M,A12,6,A,one,0,0,M,1.2562,1.3212,1.3316,1
A1270M,A12,7,A,one,0,0,M,1.3173,1.3723,1.3799,0.9981
A1280M,A12,8,A,one,0,0,M,1.3321,1.3795,1.3835,1.0066
A1290M,A12,9,A,one,0,0,M,1.3226,1.3823,1.3864,1.014
A12100M,A12,10,A,one,0,0,M,1.3173,1.3691,1.3694,0.993
A12110M,A12,11,A,one,0,0,M,1.3212,1.3729,1.372,0.992
A12120M,A12,12,A,one,0,0,M,1.228,1.2974,1.302,0.984
A1210M,A12,1,B,one,0,0,M,1.3136,1.3461,1.3632,1.0094
A1220M,A12,2,B,one,0,0,M,1.327,1.351,1.3636,1.0267
A1230M,A12,3,B,one,0,0,M,1.2793,1.3175,1.3333,1.0127
A1240M,A12,4,B,one,0,0,M,1.3298,1.3708,1.3804,1.0192
A1250M,A12,5,B,one,0,0,M,1.3192,1.3534,1.3621,1.0319
A1260M,A12,6,B,one,0,0,M,1.2698,1.3173,1.3297,1.0094
A1270M,A12,7,B,one,0,0,M,1.33,1.3703,1.381,1.0077
A1280M,A12,8,B,one,0,0,M,1.3325,1.367,1.3759,1.0243
A1290M,A12,9,B,one,0,0,M,1.3107,1.3577,1.3759,1.0247
A12100M,A12,10,B,one,0,0,M,1.3047,1.3459,1.3672,1.0142
A12110M,A12,11,B,one,0,0,M,1.3194,1.3566,1.3788,1.0111
A12120M,A12,12,B,one,0,0,M,1.2142,1.2658,1.2884,1.0013
A1210M,A12,1,A,one,0.5,0,M,0.1185,0.213,0.3549,0.7341
A1220M,A12,2,A,one,0.5,0,M,0.2352,0.454,1.0444,0.9478
A1230M,A12,3,A,one,0.5,0,M,0.1905,0.443,0.7664,0.7225
A1240M,A12,4,A,one,0.5,0,M,0.1346,0.3638,0.7274,0.606
A1250M,A12,5,A,one,0.5,0,M,0.271,0.3912,0.7919,0.7967
A1260M,A12,6,A,one,0.5,0,M,0.1518,0.2114,0.5203,0.5655
A1270M,A12,7,A,one,0.5,0,M,0.1724,0.2443,0.5822,0.6559
A1280M,A12,8,A,one,0.5,0,M,0.2914,0.3859,0.4994,0.6403
A1290M,A12,9,A,one,0.5,0,M,0.1796,0.2396,0.5957,0.6644
A12100M,A12,10,A,one,0.5,0,M,0.2573,0.3363,0.5107,0.6674
A12110M,A12,11,A,one,0.5,0,M,0.3293,0.4279,0.6234,0.7142
A12120M,A12,12,A,one,0.5,0,M,0.1689,0.229,0.48,0.6687
A1210M,A12,1,B,one,0.5,0,M,0.1061,0.1724,0.3664,0.6275
A1220M,A12,2,B,one,0.5,0,M,0.2203,0.3606,0.6997,0.8147
A1230M,A12,3,B,one,0.5,0,M,0.1888,0.3176,0.8054,0.7945
A1240M,A12,4,B,one,0.5,0,M,0.1388,0.2139,0.628,0.6474
A1250M,A12,5,B,one,0.5,0,M,0.2621,0.3803,0.7421,0.8023
A1260M,A12,6,B,one,0.5,0,M,0.1541,0.1997,0.3428,0.589
A1270M,A12,7,B,one,0.5,0,M,0.1865,0.2438,0.4251,0.6613
A1280M,A12,8,B,one,0.5,0,M,0.2818,0.3552,0.4824,0.6567
A1290M,A12,9,B,one,0.5,0,M,0.1876,0.2774,0.6932,0.6698
A12100M,A12,10,B,one,0.5,0,M,0.2822,0.3554,0.5226,0.6777
A12110M,A12,11,B,one,0.5,0,M,0.3275,0.4151,0.5864,0.7169
A12120M,A12,12,B,one,0.5,0,M,0.1694,0.2205,0.3966,0.6955
A1210M,A12,1,C,one,0.5,0,M,0.0903,0.2123,0.4173,0.6833
A1220M,A12,2,C,one,0.5,0,M,0.1852,0.3901,0.6087,0.8562
A1230M,A12,3,C,one,0.5,0,M,0.1406,0.3173,0.6647,0.8567
A1240M,A12,4,C,one,0.5,0,M,0.0917,0.2059,0.5135,0.7343
A1250M,A12,5,C,one,0.5,0,M,0.1918,0.3218,0.5627,0.8693
A1260M,A12,6,C,one,0.5,0,M,0.1087,0.1625,0.2479,0.6374
A1270M,A12,7,C,one,0.5,0,M,0.1126,0.1898,0.3555,0.7509
A1280M,A12,8,C,one,0.5,0,M,0.2398,0.329,0.462,0.7748
A1290M,A12,9,C,one,0.5,0,M,0.1409,0.2418,0.6504,0.7256
A12100M,A12,10,C,one,0.5,0,M,0.2221,0.313,0.5373,0.6828
A12110M,A12,11,C,one,0.5,0,M,0.2677,0.3691,0.5333,0.6846
A12120M,A12,12,C,one,0.5,0,M,0.1207,0.233,0.507,0.7663
A1215M,A12,1,A,one,0,5,M,1.3368,1.3637,1.3772,1.0911
A1225M,A12,2,A,one,0,5,M,1.3799,1.3862,1.3942,1.0811
A1235M,A12,3,A,one,0,5,M,1.3673,1.3707,1.3793,1.0714
A1245M,A12,4,A,one,0,5,M,1.3543,1.37,1.3812,1.0899
A1255M,A12,5,A,one,0,5,M,1.3576,1.366,1.3784,1.086
A1275M,A12,7,A,one,0,5,M,1.3602,1.387,1.3819,1.0941
A1285M,A12,8,A,one,0,5,M,1.341,1.3725,1.3755,1.0717
A1295M,A12,9,A,one,0,5,M,1.3296,1.3566,1.364,1.0701
A12105M,A12,10,A,one,0,5,M,1.3807,1.383,1.3849,1.0645
A12115M,A12,11,A,one,0,5,M,1.3541,1.3672,1.373,1.0795
A12125M,A12,12,A,one,0,5,M,1.3043,1.3181,1.326,1.0695
A1215M,A12,1,B,one,0,5,M,1.3211,1.3411,1.3665,1.0834
A1225M,A12,2,B,one,0,5,M,1.3844,1.3839,1.4122,1.1038
A1235M,A12,3,B,one,0,5,M,1.3426,1.3673,1.3877,1.0832
A1245M,A12,4,B,one,0,5,M,1.313,1.3594,1.376,1.0804
A1255M,A12,5,B,one,0,5,M,1.33,1.3625,1.3824,1.0939
A1275M,A12,7,B,one,0,5,M,1.3294,1.3577,1.3676,1.1016
A1285M,A12,8,B,one,0,5,M,1.3253,1.3587,1.3711,1.0639
A1295M,A12,9,B,one,0,5,M,1.3155,1.3506,1.3717,1.0683
A12105M,A12,10,B,one,0,5,M,1.3512,1.3641,1.3802,1.0698
A12115M,A12,11,B,one,0,5,M,1.3181,1.3356,1.3609,1.0478
A12125M,A12,12,B,one,0,5,M,1.2565,1.2863,1.2998,1.0712
A1215M,A12,1,A,one,0.5,5,M,0.4051,0.65,0.6537,0.6502
A1225M,A12,2,A,one,0.5,5,M,0.5476,0.6676,0.6791,0.7932
A1235M,A12,3,A,one,0.5,5,M,0.4435,0.9286,1.1389,1.0896
A1245M,A12,4,A,one,0.5,5,M,0.1604,0.207,0.5094,0.7568
A1255M,A12,5,A,one,0.5,5,M,0.3577,0.5448,0.682,0.8554
A1275M,A12,7,A,one,0.5,5,M,0.6371,0.7053,0.7147,0.8021
A1285M,A12,8,A,one,0.5,5,M,0.1891,0.2676,0.905,0.8549
A1295M,A12,9,A,one,0.5,5,M,0.1308,0.161,0.7025,0.7873
A12105M,A12,10,A,one,0.5,5,M,0.2139,0.3121,0.7253,0.7725
A12115M,A12,11,A,one,0.5,5,M,0.1554,0.1856,0.6428,0.6538
A12125M,A12,12,A,one,0.5,5,M,0.3739,0.6099,0.6961,0.9884
A1215M,A12,1,B,one,0.5,5,M,0.3642,0.6778,0.6778,0.8296
A1225M,A12,2,B,one,0.5,5,M,0.4899,0.6327,0.6332,0.9054
A1235M,A12,3,B,one,0.5,5,M,0.3738,0.8819,1.0961,1.1169
A1245M,A12,4,B,one,0.5,5,M,0.1339,0.1721,0.642,0.9445
A1255M,A12,5,B,one,0.5,5,M,0.291,0.4274,0.4963,0.9485
A1275M,A12,7,B,one,0.5,5,M,0.5205,0.6205,0.6102,0.7724
A1285M,A12,8,B,one,0.5,5,M,0.1656,0.2267,0.687,0.7981
A1295M,A12,9,B,one,0.5,5,M,0.1312,0.1592,0.61,0.7777
A12105M,A12,10,B,one,0.5,5,M,0.2003,0.2889,0.6658,0.8166
A12115M,A12,11,B,one,0.5,5,M,0.1475,0.2185,0.512,0.7681
A12125M,A12,12,B,one,0.5,5,M,0.3467,0.5365,0.5944,0.9694
A1215M,A12,1,C,one,0.5,5,M,0.3644,0.6248,0.654,0.6472
A1225M,A12,2,C,one,0.5,5,M,0.4753,0.5946,0.6198,0.755
A1235M,A12,3,C,one,0.5,5,M,0.411,0.8406,1.0502,1.0031
A1245M,A12,4,C,one,0.5,5,M,0.1623,0.2194,0.3983,0.7294
A1255M,A12,5,C,one,0.5,5,M,0.3739,0.5748,0.6164,0.8561
A1275M,A12,7,C,one,0.5,5,M,0.5543,0.694,0.6847,0.7269
A1285M,A12,8,C,one,0.5,5,M,0.1916,0.2423,0.4184,0.7265
A1295M,A12,9,C,one,0.5,5,M,0.1319,0.1651,0.3695,0.7531
A12105M,A12,10,C,one,0.5,5,M,0.1918,0.2874,0.4516,0.7686
A12115M,A12,11,C,one,0.5,5,M,0.1473,0.2108,0.4394,0.7448
A12125M,A12,12,C,one,0.5,5,M,0.4002,0.6426,0.6612,0.9528
A1720M,A17,2,A,one,0,0,M,1.4639,1.5103,1.5168,1.1278
A1730M,A17,3,A,one,0,0,M,1.4448,1.4985,1.5044,1.0901
A1740M,A17,4,A,one,0,0,M,1.4421,1.4985,1.5038,1.1127
A1750M,A17,5,A,one,0,0,M,1.4417,1.4915,1.4974,1.1298
A1760M,A17,6,A,one,0,0,M,1.4438,1.5037,1.507,1.1043
A1770M,A17,7,A,one,0,0,M,1.4442,1.4996,1.5012,1.081
A1780M,A17,8,A,one,0,0,M,1.4314,1.4827,1.4864,1.071
A1790M,A17,9,A,one,0,0,M,1.44,1.4977,1.4997,1.116
A17100M,A17,10,A,one,0,0,M,1.44,1.4954,1.4992,1.108
A17110M,A17,11,A,one,0,0,M,1.2866,1.3426,1.3424,1.0007
A17120M,A17,12,A,one,0,0,M,1.4481,1.5011,1.5014,1.0895
A1720M,A17,2,B,one,0,0,M,1.4767,1.4992,1.5073,1.0957
A1730M,A17,3,B,one,0,0,M,1.4761,1.4941,1.5042,1.1007
A1740M,A17,4,B,one,0,0,M,1.4744,1.4904,1.5014,1.1267
A1750M,A17,5,B,one,0,0,M,1.4648,1.4846,1.4962,1.1317
A1760M,A17,6,B,one,0,0,M,1.4742,1.4964,1.501,1.1194
A1770M,A17,7,B,one,0,0,M,1.4808,1.4986,1.4972,1.0976
A1780M,A17,8,B,one,0,0,M,1.4673,1.4831,1.489,1.0726
A1790M,A17,9,B,one,0,0,M,1.4656,1.4893,1.4916,1.1336
A17100M,A17,10,B,one,0,0,M,1.4555,1.4893,1.4976,1.1252
A17110M,A17,11,B,one,0,0,M,1.2968,1.3427,1.3718,1.0418
A17120M,A17,12,B,one,0,0,M,1.4684,1.4932,1.5039,1.129
A1710Q,A17,1,A,one,0,0,Q,1.4691,1.376233,1.5337,1.1847
A1720Q,A17,2,A,one,0,0,Q,1.4648,1.371433,1.5282,1.1468
A1730Q,A17,3,A,one,0,0,Q,1.4764,1.387533,1.5377,1.1981
A1740Q,A17,4,A,one,0,0,Q,1.4543,1.369333,1.5111,1.1137
A1750Q,A17,5,A,one,0,0,Q,1.4592,1.376333,1.5199,1.1498
A1760Q,A17,6,A,one,0,0,Q,1.4687,1.386133,1.5294,1.1656
A1770Q,A17,7,A,one,0,0,Q,1.4573,1.376333,1.5249,1.1645
A1780Q,A17,8,A,one,0,0,Q,1.4615,1.377633,1.5278,1.1497
A1790Q,A17,9,A,one,0,0,Q,1.4679,1.375533,1.5275,1.1243
A17100Q,A17,10,A,one,0,0,Q,1.4485,1.362733,1.5202,1.1514
A17110Q,A17,11,A,one,0,0,Q,1.4386,1.349333,1.5201,1.1994
A17120Q,A17,12,A,one,0,0,Q,1.4749,1.375433,1.5335,1.1585
A1710Q,A17,1,B,one,0,0,Q,1.471,1.372833,1.533,1.1773
A1720Q,A17,2,B,one,0,0,Q,1.4775,1.379033,1.5337,1.1575
A1730Q,A17,3,B,one,0,0,Q,1.4736,1.387033,1.5348,1.1618
A1740Q,A17,4,B,one,0,0,Q,1.4617,1.367833,1.515,1.1272
A1750Q,A17,5,B,one,0,0,Q,1.4666,1.377133,1.529,1.1506
A1760Q,A17,6,B,one,0,0,Q,1.4668,1.374533,1.5262,1.1468
A1770Q,A17,7,B,one,0,0,Q,1.463,1.375733,1.5306,1.1415
A1780Q,A17,8,B,one,0,0,Q,1.4672,1.371633,1.5304,1.1505
A1790Q,A17,9,B,one,0,0,Q,1.4654,1.366633,1.5238,1.1229
A17100Q,A17,10,B,one,0,0,Q,1.4645,1.362833,1.5331,1.1532
A17110Q,A17,11,B,one,0,0,Q,1.4323,1.335033,1.5086,1.1727
A17120Q,A17,12,B,one,0,0,Q,1.4654,1.359533,1.5271,1.1318
A1720M,A17,2,A,one,0.5,0,M,0.0754,0.0625,0.053,0.1621
A1730M,A17,3,A,one,0.5,0,M,0.0806,0.065,0.0598,0.1235
A1740M,A17,4,A,one,0.5,0,M,0.1123,0.1724,0.183,0.2241
A1750M,A17,5,A,one,0.5,0,M,0.1149,0.1581,0.2202,0.2988
A1760M,A17,6,A,one,0.5,0,M,0.0836,0.1158,0.1621,0.2224
A1770M,A17,7,A,one,0.5,0,M,0.0768,0.0995,0.1426,0.2342
A1780M,A17,8,A,one,0.5,0,M,0.0773,0.1628,0.2738,0.5685
A1790M,A17,9,A,one,0.5,0,M,0.1144,0.1551,0.2101,0.2644
A17100M,A17,10,A,one,0.5,0,M,0.113,0.1455,0.1968,0.3167
A17110M,A17,11,A,one,0.5,0,M,0.1562,0.1748,0.5618,0.6259
A17120M,A17,12,A,one,0.5,0,M,0.0945,0.12,0.1532,0.2277
A1720M,A17,2,B,one,0.5,0,M,0.0775,0.0926,0.1138,0.2504
A1730M,A17,3,B,one,0.5,0,M,0.0835,0.0902,0.1066,0.1812
A1740M,A17,4,B,one,0.5,0,M,0.1131,0.147,0.1985,0.256
A1750M,A17,5,B,one,0.5,0,M,0.1042,0.135,0.1858,0.3032
A1760M,A17,6,B,one,0.5,0,M,0.081,0.096,0.1342,0.2458
A1770M,A17,7,B,one,0.5,0,M,0.0769,0.0773,0.1021,0.2235
A1780M,A17,8,B,one,0.5,0,M,0.0808,0.0935,0.1507,0.6094
A1790M,A17,9,B,one,0.5,0,M,0.1118,0.1475,0.201,0.2519
A17100M,A17,10,B,one,0.5,0,M,0.1049,0.1297,0.1704,0.244
A17110M,A17,11,B,one,0.5,0,M,0.142,0.1453,0.2155,0.2587
A17120M,A17,12,B,one,0.5,0,M,0.0868,0.0951,0.127,0.2424
A1720M,A17,2,C,one,0.5,0,M,0.0517,0.0688,0.092,0.2028
A1730M,A17,3,C,one,0.5,0,M,0.0518,0.0699,0.0934,0.1626
A1740M,A17,4,C,one,0.5,0,M,0.077,0.1224,0.176,0.2593
A1750M,A17,5,C,one,0.5,0,M,0.0835,0.1245,0.1753,0.2811
A1760M,A17,6,C,one,0.5,0,M,0.0617,0.0864,0.1275,0.2571
A1770M,A17,7,C,one,0.5,0,M,0.0527,0.0783,0.1181,0.2736
A1780M,A17,8,C,one,0.5,0,M,0.0443,0.0703,0.1497,0.5652
A1790M,A17,9,C,one,0.5,0,M,0.0784,0.1233,0.1746,0.2495
A17100M,A17,10,C,one,0.5,0,M,0.0746,0.1152,0.3086,0.2868
A17110M,A17,11,C,one,0.5,0,M,0.1033,0.1287,0.174,0.2178
A17120M,A17,12,C,one,0.5,0,M,0.0674,0.1021,0.1388,0.2328
A1710Q,A17,1,A,one,0.5,0,Q,0.0955,0.1518,0.1855,0.2943
A1720Q,A17,2,A,one,0.5,0,Q,0.134,0.2269,0.2757,0.2534
A1730Q,A17,3,A,one,0.5,0,Q,0.1271,0.2342,0.2802,0.2686
A1740Q,A17,4,A,one,0.5,0,Q,0.1199,0.2469,0.3003,0.2551
A1750Q,A17,5,A,one,0.5,0,Q,0.1458,0.2603,0.3325,0.2699
A1760Q,A17,6,A,one,0.5,0,Q,0.1275,0.2243,0.2931,0.2744
A1770Q,A17,7,A,one,0.5,0,Q,0.1646,0.2816,0.3847,0.3001
A1780Q,A17,8,A,one,0.5,0,Q,0.1568,0.2647,0.3677,0.284
A1790Q,A17,9,A,one,0.5,0,Q,0.1147,0.1677,0.2289,0.2276
A17100Q,A17,10,A,one,0.5,0,Q,0.1818,0.2912,0.4151,0.3385
A17110Q,A17,11,A,one,0.5,0,Q,0.1998,0.3204,0.4582,0.3483
A17120Q,A17,12,A,one,0.5,0,Q,0.1272,0.2341,0.3264,0.2846
A1710Q,A17,1,B,one,0.5,0,Q,0.078,0.1421,0.1768,0.2101
A1720Q,A17,2,B,one,0.5,0,Q,0.1096,0.175,0.2327,0.24
A1730Q,A17,3,B,one,0.5,0,Q,0.1223,0.2028,0.2701,0.2581
A1740Q,A17,4,B,one,0.5,0,Q,0.0978,0.1674,0.204,0.2519
A1750Q,A17,5,B,one,0.5,0,Q,0.1367,0.2501,0.3241,0.2806
A1760Q,A17,6,B,one,0.5,0,Q,0.1114,0.1774,0.2338,0.271
A1770Q,A17,7,B,one,0.5,0,Q,0.1347,0.2294,0.3131,0.3051
A1780Q,A17,8,B,one,0.5,0,Q,0.1419,0.2315,0.3208,0.2922
A1790Q,A17,9,B,one,0.5,0,Q,0.1032,0.1336,0.1706,0.2795
A17100Q,A17,10,B,one,0.5,0,Q,0.1629,0.2426,0.3365,0.2791
A17110Q,A17,11,B,one,0.5,0,Q,0.1909,0.2997,0.4322,0.3342
A17120Q,A17,12,B,one,0.5,0,Q,0.1143,0.1863,0.2668,0.2661
A1735M,A17,3,A,one,0,5,M,1.44,1.4553,1.4678,1.2135
A1745M,A17,4,A,one,0,5,M,0.0171,0.0093,0.0101,0
A1755M,A17,5,A,one,0,5,M,1.466,1.4901,1.5032,1.3042
A1765M,A17,6,A,one,0,5,M,1.4328,1.487,1.4952,1.1952
A1775M,A17,7,A,one,0,5,M,-0.0008,0.0116,0.0031,0.0023
A1785M,A17,8,A,one,0,5,M,1.4587,1.4935,1.503,1.2352
A1795M,A17,9,A,one,0,5,M,1.4512,1.4515,1.4562,1.1657
A17105M,A17,10,A,one,0,5,M,1.446,1.4545,1.4598,1.1779
A17115M,A17,11,A,one,0,5,M,1.4563,1.4592,1.4637,1.1286
A1735M,A17,3,B,one,0,5,M,1.4264,1.4434,1.4625,1.1667
A1745M,A17,4,B,one,0,5,M,0.0104,0.002,-0.0011,0.0078
A1755M,A17,5,B,one,0,5,M,1.454,1.4778,1.4841,1.2373
A1765M,A17,6,B,one,0,5,M,1.4576,1.4893,1.5002,1.1726
A1775M,A17,7,B,one,0,5,M,0.0095,0.0028,-0.0021,0.0103
A1785M,A17,8,B,one,0,5,M,1.4733,1.4902,1.4931,1.2173
A1795M,A17,9,B,one,0,5,M,1.4464,1.4527,1.4549,1.1559
A17105M,A17,10,B,one,0,5,M,1.4416,1.4539,1.464,1.1666
A17115M,A17,11,B,one,0,5,M,1.4292,1.4397,1.4505,1.0888
A1725Q,A17,2,A,one,0,5,Q,1.3642,1.424167,1.4193,1.0863
A1795Q,A17,9,A,one,0,5,Q,1.0377,1.047967,1.028,1.0959
A17105Q,A17,10,A,one,0,5,Q,1.4183,1.469767,1.4731,1.0973
A17115Q,A17,11,A,one,0,5,Q,1.3429,1.412467,1.4152,1.0993
A1725Q,A17,2,B,one,0,5,Q,1.382,1.440667,1.4461,1.1395
A1795Q,A17,9,B,one,0,5,Q,1.0535,1.071067,1.0401,1.119
A17105Q,A17,10,B,one,0,5,Q,1.4046,1.461867,1.4604,1.0975
A17115Q,A17,11,B,one,0,5,Q,1.2656,1.346067,1.3518,1.0799
A1735M,A17,3,A,one,0.5,5,M,0.304,0.4149,0.539,0.8634
A1745M,A17,4,A,one,0.5,5,M,0.0214,0.0107,0.0122,0.006
A1755M,A17,5,A,one,0.5,5,M,0.5925,0.8083,0.9311,0.949
A1765M,A17,6,A,one,0.5,5,M,0.3164,0.3772,0.4477,0.4256
A1775M,A17,7,A,one,0.5,5,M,0.023,0.0055,0.0148,0.0067
A1785M,A17,8,A,one,0.5,5,M,0.3365,0.413,0.5536,0.4929
A1795M,A17,9,A,one,0.5,5,M,0.6171,0.8672,0.9412,0.8698
A17105M,A17,10,A,one,0.5,5,M,0.5101,0.7077,0.8197,0.8107
A17115M,A17,11,A,one,0.5,5,M,0.7364,0.8463,0.9377,0.885
A1735M,A17,3,B,one,0.5,5,M,0.2827,0.3855,0.4992,0.8653
A1745M,A17,4,B,one,0.5,5,M,0.0245,0.0063,0.0168,0.0043
A1755M,A17,5,B,one,0.5,5,M,0.5446,0.8834,1.0703,1.0879
A1765M,A17,6,B,one,0.5,5,M,0.2977,0.3731,0.7261,0.8561
A1775M,A17,7,B,one,0.5,5,M,0.0181,0.0036,0.0115,0.0023
A1785M,A17,8,B,one,0.5,5,M,0.306,0.3811,0.4704,0.6662
A1795M,A17,9,B,one,0.5,5,M,0.5214,0.6752,0.7667,0.842
A17105M,A17,10,B,one,0.5,5,M,0.4784,0.6295,0.7611,0.8762
A17115M,A17,11,B,one,0.5,5,M,0.6383,0.7027,0.8542,0.8709
A1735M,A17,3,C,one,0.5,5,M,0.2923,0.4119,0.5322,0.7621
A1745M,A17,4,C,one,0.5,5,M,0.0211,0.0042,0.0167,0.0129
A1755M,A17,5,C,one,0.5,5,M,0.5965,0.9119,1.0518,0.9443
A1765M,A17,6,C,one,0.5,5,M,0.3138,0.3977,0.545,0.6353
A1775M,A17,7,C,one,0.5,5,M,0.0163,0.0038,0.0099,0.0109
A1785M,A17,8,C,one,0.5,5,M,0.3376,0.442,0.5207,0.56
A1795M,A17,9,C,one,0.5,5,M,0.6399,0.9292,0.9955,0.8425
A17105M,A17,10,C,one,0.5,5,M,0.4881,0.6965,0.8137,0.7655
A17115M,A17,11,C,one,0.5,5,M,0.6525,0.8316,0.8326,0.7649
A1725Q,A17,2,A,one,0.5,5,Q,0.0641,0.088,0.0952,0.4753
A1795Q,A17,9,A,one,0.5,5,Q,0.1196,0.3232,0.4826,0.7789
A17105Q,A17,10,A,one,0.5,5,Q,0.0564,0.0944,0.1053,0.5796
A17115Q,A17,11,A,one,0.5,5,Q,0.0709,0.1068,0.1108,0.5098
A1725Q,A17,2,B,one,0.5,5,Q,0.0462,0.0719,0.083,0.5297
A1795Q,A17,9,B,one,0.5,5,Q,0.101,0.2838,0.4548,0.7954
A17105Q,A17,10,B,one,0.5,5,Q,0.0593,0.0879,0.0887,0.5585
A17115Q,A17,11,B,one,0.5,5,Q,0.0677,0.0934,0.0971,0.5186
A1810M,A18,1,A,one,0,0,M,1.411,1.4769,1.4867,1.0536
A1820M,A18,2,A,one,0,0,M,1.4037,1.4551,1.4582,1.0677
A1830M,A18,3,A,one,0,0,M,1.4257,1.482,1.4861,1.055
A1840M,A18,4,A,one,0,0,M,1.4273,1.4832,1.4855,1.0679
A1850M,A18,5,A,one,0,0,M,1.422,1.4738,1.4731,1.0728
A1860M,A18,6,A,one,0,0,M,1.4271,1.4879,1.4894,1.0643
A1870M,A18,7,A,one,0,0,M,1.4211,1.4697,1.4716,1.0707
A1880M,A18,8,A,one,0,0,M,1.4446,1.4882,1.4886,1.067
A1890M,A18,9,A,one,0,0,M,1.4118,1.4598,1.4671,1.0781
A18100M,A18,10,A,one,0,0,M,1.4214,1.4782,1.4844,1.032
A18110M,A18,11,A,one,0,0,M,1.4127,1.4656,1.4686,1.0433
A18120M,A18,12,A,one,0,0,M,1.4244,1.4791,1.4834,1.0443
A1810M,A18,1,B,one,0,0,M,1.4538,1.4713,1.4831,1.0729
A1820M,A18,2,B,one,0,0,M,1.4513,1.4621,1.4702,1.0724
A1830M,A18,3,B,one,0,0,M,1.4638,1.4788,1.4855,1.0512
A1840M,A18,4,B,one,0,0,M,1.461,1.4785,1.485,1.0589
A1850M,A18,5,B,one,0,0,M,1.4592,1.471,1.4807,1.0725
A1860M,A18,6,B,one,0,0,M,1.4669,1.4807,1.4888,1.0645
A1870M,A18,7,B,one,0,0,M,1.4585,1.4651,1.4776,1.0716
A1880M,A18,8,B,one,0,0,M,1.4863,1.4932,1.5028,1.073
A1890M,A18,9,B,one,0,0,M,1.4407,1.4562,1.4685,1.0869
A18100M,A18,10,B,one,0,0,M,1.4445,1.4686,1.4826,1.0488
A18110M,A18,11,B,one,0,0,M,1.4311,1.4611,1.4759,1.0645
A18120M,A18,12,B,one,0,0,M,1.4505,1.474,1.4903,1.0613
A1810M,A18,1,A,one,0.5,0,M,0.0791,0.2968,0.3625,0.4997
A1820M,A18,2,A,one,0.5,0,M,0.1067,0.3567,0.483,0.5537
A1830M,A18,3,A,one,0.5,0,M,0.0686,0.1066,0.1175,0.5081
A1840M,A18,4,A,one,0.5,0,M,0.0701,0.1177,0.132,0.5278
A1850M,A18,5,A,one,0.5,0,M,0.1074,0.3367,0.4739,0.5694
A1860M,A18,6,A,one,0.5,0,M,0.0622,0.1131,0.1622,0.5293
A1870M,A18,7,A,one,0.5,0,M,0.0977,0.2135,0.2917,0.5983
A1880M,A18,8,A,one,0.5,0,M,0.0869,0.1717,0.2158,0.4571
A1890M,A18,9,A,one,0.5,0,M,0.1122,0.4315,0.5258,0.5463
A18100M,A18,10,A,one,0.5,0,M,0.0899,0.2542,0.3258,0.5383
A18110M,A18,11,A,one,0.5,0,M,0.1035,0.2643,0.3248,0.5172
A18120M,A18,12,A,one,0.5,0,M,0.0658,0.1592,0.2427,0.5241
A1810M,A18,1,B,one,0.5,0,M,0.0828,0.1222,0.1561,0.5396
A1820M,A18,2,B,one,0.5,0,M,0.1011,0.1461,0.1857,0.5777
A1830M,A18,3,B,one,0.5,0,M,0.0606,0.0814,0.1199,0.4965
A1840M,A18,4,B,one,0.5,0,M,0.0694,0.0916,0.1307,0.5123
A1850M,A18,5,B,one,0.5,0,M,0.0984,0.1512,0.1964,0.5268
A1860M,A18,6,B,one,0.5,0,M,0.06,0.0803,0.1123,0.5404
A1870M,A18,7,B,one,0.5,0,M,0.0863,0.1221,0.1666,0.5414
A1880M,A18,8,B,one,0.5,0,M,0.0876,0.117,0.1472,0.4524
A1890M,A18,9,B,one,0.5,0,M,0.1131,0.1689,0.2223,0.6051
A18100M,A18,10,B,one,0.5,0,M,0.0889,0.1316,0.1742,0.5098
A18110M,A18,11,B,one,0.5,0,M,0.0904,0.1361,0.1792,0.4781
A18120M,A18,12,B,one,0.5,0,M,0.0535,0.0781,0.1134,0.5054
A1810M,A18,1,C,one,0.5,0,M,0.0611,0.1132,0.164,0.5371
A1820M,A18,2,C,one,0.5,0,M,0.0702,0.1172,0.2056,0.5479
A1830M,A18,3,C,one,0.5,0,M,0.0411,0.0714,0.1188,0.4925
A1840M,A18,4,C,one,0.5,0,M,0.0391,0.0787,0.1338,0.5492
A1850M,A18,5,C,one,0.5,0,M,0.0683,0.1267,0.1784,0.4376
A1860M,A18,6,C,one,0.5,0,M,0.0373,0.066,0.1477,0.6101
A1870M,A18,7,C,one,0.5,0,M,0.0612,0.1108,0.1893,0.6135
A1880M,A18,8,C,one,0.5,0,M,0.0584,0.0999,0.1387,0.4726
A1890M,A18,9,C,one,0.5,0,M,0.0891,0.1545,0.2258,0.5625
A18100M,A18,10,C,one,0.5,0,M,0.0666,0.115,0.1805,0.5204
A18110M,A18,11,C,one,0.5,0,M,0.0727,0.1259,0.2079,0.5324
A18120M,A18,12,C,one,0.5,0,M,0.0407,0.0755,0.1157,0.4707
A1815M,A18,1,A,one,0,5,M,1.4542,1.4769,1.3828,1.2152
A1825M,A18,2,A,one,0,5,M,1.4577,1.4653,1.3678,1.2024
A1835M,A18,3,A,one,0,5,M,1.4608,1.4673,1.3666,1.2073
A1845M,A18,4,A,one,0,5,M,1.2193,1.368,1.2906,1.1312
A1855M,A18,5,A,one,0,5,M,1.3978,1.4342,1.328,1.09
A1865M,A18,6,A,one,0,5,M,1.4603,1.4854,1.3839,1.2185
A1875M,A18,7,A,one,0,5,M,1.447,1.4653,1.3618,1.2261
A1895M,A18,9,A,one,0,5,M,1.4577,1.4637,1.36,1.2393
A18105M,A18,10,A,one,0,5,M,1.4509,1.46,1.3584,1.2086
A18115M,A18,11,A,one,0,5,M,1.4505,1.4561,1.3486,1.1846
A18125M,A18,12,A,one,0,5,M,1.4497,1.4573,1.3505,1.1981
A1815M,A18,1,B,one,0,5,M,1.4637,1.4679,1.4845,1.1695
A1825M,A18,2,B,one,0,5,M,1.4466,1.4584,1.4741,1.1729
A1835M,A18,3,B,one,0,5,M,1.444,1.4571,1.4761,1.184
A1845M,A18,4,B,one,0,5,M,1.169,1.3341,1.3896,1.095
A1855M,A18,5,B,one,0,5,M,1.387,1.431,1.4365,1.0763
A1865M,A18,6,B,one,0,5,M,1.4575,1.4727,1.4877,1.1841
A1875M,A18,7,B,one,0,5,M,1.429,1.4478,1.4494,1.1659
A1895M,A18,9,B,one,0,5,M,1.4314,1.449,1.4515,1.1627
A18105M,A18,10,B,one,0,5,M,1.4317,1.4565,1.4631,1.1641
A18115M,A18,11,B,one,0,5,M,1.4252,1.4459,1.4506,1.1618
A18125M,A18,12,B,one,0,5,M,1.4218,1.4479,1.4518,1.1682
A1815M,A18,1,A,one,0.5,5,M,0.2503,0.3284,0.4358,0.6288
A1825M,A18,2,A,one,0.5,5,M,0.2333,0.2885,0.4101,0.559
A1835M,A18,3,A,one,0.5,5,M,0.2095,0.2599,0.3218,0.5891
A1845M,A18,4,A,one,0.5,5,M,0.3422,0.4541,0.5549,0.6089
A1855M,A18,5,A,one,0.5,5,M,0.3597,0.4409,0.5084,0.5304
A1865M,A18,6,A,one,0.5,5,M,0.3093,0.3454,0.4209,0.6468
A1875M,A18,7,A,one,0.5,5,M,0.3824,0.4674,0.5689,0.7379
A1895M,A18,9,A,one,0.5,5,M,0.4018,0.496,0.5803,0.757
A18105M,A18,10,A,one,0.5,5,M,0.3596,0.4571,0.5493,0.7066
A18115M,A18,11,A,one,0.5,5,M,0.2468,0.295,0.3488,0.4411
A18125M,A18,12,A,one,0.5,5,M,0.2572,0.3314,0.3937,0.4981
A1815M,A18,1,B,one,0.5,5,M,0.2342,0.2901,0.4025,0.6946
A1825M,A18,2,B,one,0.5,5,M,0.198,0.2348,0.3199,0.7022
A1835M,A18,3,B,one,0.5,5,M,0.1838,0.2156,0.2973,0.7371
A1845M,A18,4,B,one,0.5,5,M,0.266,0.3414,0.446,0.5949
A1855M,A18,5,B,one,0.5,5,M,0.284,0.3264,0.4018,0.7075
A1865M,A18,6,B,one,0.5,5,M,0.264,0.2855,0.3874,0.7439
A1875M,A18,7,B,one,0.5,5,M,0.3271,0.3923,0.5102,0.8451
A1895M,A18,9,B,one,0.5,5,M,0.3611,0.4324,0.5221,0.7719
A18105M,A18,10,B,one,0.5,5,M,0.3223,0.3957,0.4805,0.7343
A18115M,A18,11,B,one,0.5,5,M,0.2142,0.2532,0.3587,0.7521
A18125M,A18,12,B,one,0.5,5,M,0.2367,0.2963,0.3563,0.6712
A1815M,A18,1,C,one,0.5,5,M,0.2241,0.3101,0.3955,0.5511
A1825M,A18,2,C,one,0.5,5,M,0.2071,0.2661,0.3478,0.5928
A1835M,A18,3,C,one,0.5,5,M,0.2033,0.2491,0.3226,0.5928
A1845M,A18,4,C,one,0.5,5,M,0.3191,0.4383,0.5581,0.5568
A1855M,A18,5,C,one,0.5,5,M,0.3401,0.4326,0.4979,0.6205
A1865M,A18,6,C,one,0.5,5,M,0.2943,0.3395,0.4201,0.6855
A1875M,A18,7,C,one,0.5,5,M,0.3563,0.4438,0.5249,0.7511
A1895M,A18,9,C,one,0.5,5,M,0.3951,0.5055,0.5939,0.743
A18105M,A18,10,C,one,0.5,5,M,0.3389,0.4428,0.5251,0.7052
A18115M,A18,11,C,one,0.5,5,M,0.2147,0.2844,0.357,0.6924
A18125M,A18,12,C,one,0.5,5,M,0.2585,0.3499,0.4091,0.513
A0310M,A03,1,1,two,0,0,M,1.593,1.6465,1.6408,1.3489
A0320M,A03,2,1,two,0,0,M,1.5736,1.6246,1.6315,1.3531
A0330M,A03,3,1,two,0,0,M,1.5869,1.627,1.643,1.3401
A0340M,A03,4,1,two,0,0,M,1.5845,1.6277,1.6477,1.3614
A0350M,A03,5,1,two,0,0,M,1.5937,1.6357,1.6521,1.3531
A0360M,A03,6,1,two,0,0,M,1.5834,1.629,1.6479,1.3552
A0370M,A03,7,1,two,0,0,M,1.5724,1.6273,1.6437,1.3584
A0380M,A03,8,1,two,0,0,M,1.5553,1.6219,1.6432,1.3451
A0390M,A03,9,1,two,0,0,M,1.5781,1.6301,1.6445,1.3373
A03100M,A03,10,1,two,0,0,M,1.5597,1.6341,1.6536,1.3349
A03110M,A03,11,1,two,0,0,M,1.6031,1.6487,1.6626,1.3308
A03120M,A03,12,1,two,0,0,M,1.5618,1.6326,1.6529,1.3295
A0310Q,A03,1,1,two,0,0,Q,1.5608,1.6165,1.6311,1.3084
A0320Q,A03,2,1,two,0,0,Q,1.5479,1.6155,1.6245,1.3036
A0330Q,A03,3,1,two,0,0,Q,1.5481,1.5999,1.6073,1.3137
A0340Q,A03,4,1,two,0,0,Q,1.5379,1.5976,1.6071,1.3162
A0350Q,A03,5,1,two,0,0,Q,1.5275,1.6042,1.6158,1.3211
A0360Q,A03,6,1,two,0,0,Q,1.5408,1.6092,1.6253,1.3302
A0370Q,A03,7,1,two,0,0,Q,1.5228,1.6016,1.6192,1.3216
A0380Q,A03,8,1,two,0,0,Q,1.5324,1.6044,1.615,1.3105
A0390Q,A03,9,1,two,0,0,Q,1.5266,1.6072,1.6187,1.3131
A03100Q,A03,10,1,two,0,0,Q,1.5275,1.6184,1.6302,1.3071
A03110Q,A03,11,1,two,0,0,Q,1.5429,1.6244,1.642,1.3119
A03120Q,A03,12,1,two,0,0,Q,1.5326,1.6177,1.6367,1.3147
A0410M,A04,1,1,two,0,0,M,1.5747,1.6313,1.6419,1.3143
A0420M,A04,2,1,two,0,0,M,1.5567,1.6453,1.6504,1.3224
A0430M,A04,3,1,two,0,0,M,1.5682,1.6361,1.6487,1.3514
A0440M,A04,4,1,two,0,0,M,1.5209,1.6261,1.6399,1.3442
A0450M,A04,5,1,two,0,0,M,1.5802,1.6539,1.6599,1.3756
A0460M,A04,6,1,two,0,0,M,1.5924,1.6818,1.6854,1.5321
A0470M,A04,7,1,two,0,0,M,1.5857,1.6355,1.6344,1.4148
A0480M,A04,8,1,two,0,0,M,1.5534,1.6417,1.6498,1.3901
A0490M,A04,9,1,two,0,0,M,1.5333,1.6386,1.6543,1.3782
A04100M,A04,10,1,two,0,0,M,1.5552,1.6439,1.6533,1.3861
A04110M,A04,11,1,two,0,0,M,1.5568,1.6461,1.6521,1.3232
A04120M,A04,12,1,two,0,0,M,1.4795,1.6106,1.6332,1.3107
A0810M,A08,1,1,two,0,0,M,1.6192,1.6559,1.6511,1.2704
A0820M,A08,2,1,two,0,0,M,1.59,1.6517,1.6412,1.266
A0830M,A08,3,1,two,0,0,M,1.5265,1.6239,1.6206,1.2804
A0840M,A08,4,1,two,0,0,M,1.5369,1.6285,1.6144,1.299
A0850M,A08,5,1,two,0,0,M,1.5036,1.615,1.5886,1.2581
A0860M,A08,6,1,two,0,0,M,1.6235,1.663,1.6499,1.3163
A0870M,A08,7,1,two,0,0,M,1.5379,1.6228,1.6134,1.2823
A0880M,A08,8,1,two,0,0,M,1.5664,1.6427,1.6357,1.2987
A0890M,A08,9,1,two,0,0,M,1.5515,1.6406,1.6389,1.2834
A08100M,A08,10,1,two,0,0,M,1.5813,1.6462,1.6462,1.2864
A08110M,A08,11,1,two,0,0,M,1.6241,1.664,1.6622,1.3123
A08120M,A08,12,1,two,0,0,M,1.5486,1.6322,1.64,1.2565
A0310M,A03,1,2,two,0,0,M,1.5657,1.6355,1.6317,1.3062
A0320M,A03,2,2,two,0,0,M,1.5045,1.6098,1.6011,1.3041
A0330M,A03,3,2,two,0,0,M,1.4326,1.5885,1.5867,1.3095
A0340M,A03,4,2,two,0,0,M,1.4091,1.5742,1.5736,1.3237
A0350M,A03,5,2,two,0,0,M,1.4924,1.6142,1.6003,1.3178
A0360M,A03,6,2,two,0,0,M,1.54,1.6225,1.6137,1.3265
A0370M,A03,7,2,two,0,0,M,1.4878,1.6179,1.6163,1.3361
A0380M,A03,8,2,two,0,0,M,1.4484,1.6054,1.598,1.3191
A0390M,A03,9,2,two,0,0,M,1.5284,1.6253,1.6239,1.3091
A03100M,A03,10,2,two,0,0,M,1.5405,1.6325,1.6376,1.3036
A03110M,A03,11,2,two,0,0,M,1.5379,1.629,1.6388,1.2886
A03120M,A03,12,2,two,0,0,M,1.5292,1.6248,1.6397,1.2932
A0310Q,A03,1,2,two,0,0,Q,1.5402,1.601,1.6029,1.3302
A0320Q,A03,2,2,two,0,0,Q,1.4886,1.5902,1.582,1.3305
A0330Q,A03,3,2,two,0,0,Q,1.4392,1.5755,1.5671,1.3266
A0340Q,A03,4,2,two,0,0,Q,1.417,1.5653,1.5466,1.3237
A0350Q,A03,5,2,two,0,0,Q,1.4578,1.5833,1.5739,1.3584
A0360Q,A03,6,2,two,0,0,Q,1.4753,1.5891,1.5732,1.3508
A0370Q,A03,7,2,two,0,0,Q,1.4605,1.591,1.5811,1.3388
A0380Q,A03,8,2,two,0,0,Q,1.4681,1.5913,1.5876,1.3078
A0390Q,A03,9,2,two,0,0,Q,1.5039,1.6031,1.6066,1.3292
A03100Q,A03,10,2,two,0,0,Q,1.4936,1.604,1.6041,1.3193
A03110Q,A03,11,2,two,0,0,Q,1.518,1.6096,1.6218,1.3309
A03120Q,A03,12,2,two,0,0,Q,1.5234,1.6098,1.6266,1.308
A0410M,A04,1,2,two,0,0,M,1.4962,1.5636,1.5824,1.3263
A0420M,A04,2,2,two,0,0,M,1.5029,1.5941,1.6038,1.3281
A0430M,A04,3,2,two,0,0,M,1.541,1.6167,1.6183,1.3487
A0440M,A04,4,2,two,0,0,M,1.5267,1.6108,1.6124,1.3544
A0450M,A04,5,2,two,0,0,M,1.5711,1.629,1.6311,1.3575
A0460M,A04,6,2,two,0,0,M,1.5462,1.6233,1.6413,1.3576
A0470M,A04,7,2,two,0,0,M,1.5847,1.6453,1.6431,1.3909
A0480M,A04,8,2,two,0,0,M,1.5686,1.6507,1.6503,1.3432
A0490M,A04,9,2,two,0,0,M,1.5835,1.6511,1.6562,1.3705
A04100M,A04,10,2,two,0,0,M,1.6064,1.6634,1.6661,1.3822
A04110M,A04,11,2,two,0,0,M,1.5532,1.6411,1.6493,1.2943
A04120M,A04,12,2,one,0,0,M,1.5139,1.6254,1.6439,1.3128
A0810M,A08,1,2,two,0,0,M,1.572,1.6014,1.6048,1.2804
A0820M,A08,2,2,two,0,0,M,1.5538,1.5834,1.5838,1.2867
A0830M,A08,3,2,two,0,0,M,1.5768,1.6005,1.6047,1.29
A0840M,A08,4,2,two,0,0,M,1.5825,1.6094,1.6031,1.2846
A0850M,A08,5,2,two,0,0,M,1.5655,1.6119,1.6104,1.2672
A0860M,A08,6,2,two,0,0,M,1.6076,1.632,1.6428,1.3167
A0870M,A08,7,2,two,0,0,M,1.5722,1.618,1.6208,1.2884
A0880M,A08,8,2,one,0,0,M,1.6114,1.6384,1.6413,1.2976
A0890M,A08,9,2,two,0,0,M,1.6013,1.6373,1.6446,1.2972
A08100M,A08,10,2,two,0,0,M,1.629,1.662,1.6639,1.34
A08110M,A08,11,2,two,0,0,M,1.6384,1.6623,1.6665,1.3062
A08120M,A08,12,2,two,0,0,M,1.582,1.6372,1.6486,1.2536
A0375M,A03,7,1,two,0,5,M,1.5045,1.4816,1.6226,1.3113
A0325Q,A03,2,1,two,0,5,Q,1.5116,1.3773,1.6371,1.4467
A0335Q,A03,3,1,two,0,5,Q,1.496,1.2614,1.6374,1.4647
A0365Q,A03,6,1,two,0,5,Q,1.415,1.3831,1.5737,1.345
A0375Q,A03,7,1,two,0,5,Q,1.497,1.3902,1.6414,1.3962
A0385Q,A03,8,1,two,0,5,Q,1.55,1.4805,1.6285,1.2831
A0395Q,A03,9,1,two,0,5,Q,1.4085,1.2456,1.6105,1.3913
A03115Q,A03,11,1,two,0,5,Q,1.5033,1.288,1.6199,1.3136
A0425M,A04,2,1,two,0,5,M,1.4465,1.2211,1.6019,1.371
A0435M,A04,3,1,one,0,5,M,1.3338,1.1689,1.6144,1.3119
A0455M,A04,5,1,one,0,5,M,1.2719,1.1497,1.593,1.2612
A0465M,A04,6,1,two,0,5,M,1.3965,1.2195,1.6215,1.3689
A0475M,A04,7,1,two,0,5,M,1.3855,1.1891,1.617,1.3788
A0485M,A04,8,1,two,0,5,M,1.4187,1.2469,1.6248,1.3811
A04105M,A04,10,1,two,0,5,M,1.4021,1.2442,1.6431,1.3612
A08105M,A08,10,1,one,0,5,M,1.4296,1.3577,1.6279,1.3548
A0375M,A03,7,2,two,0,5,M,1.4735,1.3516,1.6191,1.3
A0325Q,A03,2,2,two,0,5,Q,1.496,1.2124,1.6073,1.4272
A0335Q,A03,3,2,two,0,5,Q,1.498,1.1486,1.6153,1.4744
A0365Q,A03,6,2,two,0,5,Q,1.3907,1.2537,1.5461,1.324
A0375Q,A03,7,2,two,0,5,Q,1.4844,1.2964,1.6195,1.3958
A0385Q,A03,8,2,two,0,5,Q,1.5688,1.4211,1.6281,1.2802
A0395Q,A03,9,2,two,0,5,Q,1.4043,1.1578,1.5931,1.3881
A03115Q,A03,11,2,two,0,5,Q,1.5214,1.2683,1.6174,1.3351
A0425M,A04,2,2,two,0,5,M,1.413,1.1006,1.5619,1.339
A0435M,A04,3,2,one,0,5,M,1.3581,1.0948,1.5897,1.3115
A0455M,A04,5,2,one,0,5,M,1.3366,1.0883,1.5768,1.2419
A0465M,A04,6,2,two,0,5,M,1.4195,1.1179,1.6084,1.3739
A0475M,A04,7,2,two,0,5,M,1.3891,1.1515,1.6073,1.3763
A0485M,A04,8,2,two,0,5,M,1.436,1.1839,1.6167,1.3914
A04105M,A04,10,2,two,0,5,M,1.3736,1.1729,1.6229,1.3567
A08105M,A08,10,2,one,0,5,M,1.4725,1.3595,1.6292,1.3757
A0310M,A03,1,1,two,0.5,0,M,0.1396,0.7654,0.8279,0.3909
A0320M,A03,2,1,two,0.5,0,M,0.202,0.9346,1.0048,0.48
A0330M,A03,3,1,two,0.5,0,M,0.2128,0.9383,0.9792,0.4612
A0340M,A03,4,1,two,0.5,0,M,0.1863,0.9249,0.9896,0.4586
A0350M,A03,5,1,two,0.5,0,M,0.2166,0.9105,0.9719,0.4574
A0360M,A03,6,1,two,0.5,0,M,0.2164,0.9035,0.9632,0.4509
A0370M,A03,7,1,two,0.5,0,M,0.1783,0.8818,0.9353,0.4192
A0380M,A03,8,1,two,0.5,0,M,0.1682,0.8689,0.9357,0.4307
A0390M,A03,9,1,two,0.5,0,M,0.1893,0.923,0.9777,0.4617
A03100M,A03,10,1,two,0.5,0,M,0.1834,0.8424,0.8941,0.4274
A03110M,A03,11,1,two,0.5,0,M,0.1815,0.8803,0.9509,0.4655
A03120M,A03,12,1,two,0.5,0,M,0.1709,0.9128,0.9898,0.4549
A0310Q,A03,1,1,two,0.5,0,Q,0.1204,0.6353,0.7111,0.3287
A0320Q,A03,2,1,two,0.5,0,Q,0.1419,0.8101,0.893,0.3711
A0330Q,A03,3,1,two,0.5,0,Q,0.1488,0.7653,0.819,0.3606
A0340Q,A03,4,1,two,0.5,0,Q,0.114,0.6933,0.7424,0.3329
A0350Q,A03,5,1,two,0.5,0,Q,0.1302,0.8157,0.8702,0.3729
A0360Q,A03,6,1,two,0.5,0,Q,0.0908,0.6572,0.6861,0.3034
A0370Q,A03,7,1,two,0.5,0,Q,0.059,0.607,0.6346,0.3018
A0380Q,A03,8,1,two,0.5,0,Q,0.1293,0.5285,0.5158,0.3148
A0390Q,A03,9,1,two,0.5,0,Q,0.0821,0.5106,0.4637,0.3077
A03100Q,A03,10,1,two,0.5,0,Q,0.0903,0.6723,0.6857,0.3497
A03110Q,A03,11,1,two,0.5,0,Q,0.1098,0.5285,0.5051,0.31
A03120Q,A03,12,1,two,0.5,0,Q,0.1378,0.7636,0.8233,0.4039
A0410M,A04,1,1,two,0.5,0,M,0.1506,0.3749,0.4742,0.2696
A0420M,A04,2,1,two,0.5,0,M,0.1726,0.4591,0.561,0.2811
A0430M,A04,3,1,two,0.5,0,M,0.2524,0.5846,0.7419,0.3021
A0440M,A04,4,1,two,0.5,0,M,0.3018,0.6493,0.7998,0.3013
A0450M,A04,5,1,two,0.5,0,M,0.2666,0.6523,0.8244,0.3377
A0460M,A04,6,1,two,0.5,0,M,0.2158,0.5236,0.6622,0.2939
A0470M,A04,7,1,two,0.5,0,M,0.2229,0.5812,0.7216,0.2771
A0480M,A04,8,1,two,0.5,0,M,0.2964,0.678,0.8575,0.3408
A0490M,A04,9,1,two,0.5,0,M,0.2187,0.513,0.6615,0.2732
A04100M,A04,10,1,two,0.5,0,M,0.2267,0.554,0.7242,0.6019
A04110M,A04,11,1,two,0.5,0,M,0.0708,0.318,0.309,0.3083
A04120M,A04,12,1,one,0.5,0,M,0.0503,0.2865,0.2642,0.1921
A0810M,A08,1,1,two,0.5,0,M,0.2192,0.4968,0.723,0.4825
A0820M,A08,2,1,two,0.5,0,M,0.2003,0.4847,0.6854,0.4457
A0830M,A08,3,1,two,0.5,0,M,0.1788,0.4311,0.4707,0.381
A0840M,A08,4,1,two,0.5,0,M,0.2505,0.6009,0.8437,0.5022
A0850M,A08,5,1,two,0.5,0,M,0.0594,0.2499,0.1746,0.2512
A0860M,A08,6,1,two,0.5,0,M,0.2528,0.5804,0.7556,0.6091
A0870M,A08,7,1,two,0.5,0,M,0.1414,0.39,0.3861,0.3093
A0880M,A08,8,1,one,0.5,0,M,0.2738,0.6279,0.8473,0.5695
A0890M,A08,9,1,two,0.5,0,M,0.2103,0.514,0.6634,0.4236
A08100M,A08,10,1,two,0.5,0,M,0.1892,0.4735,0.5553,0.3717
A08110M,A08,11,1,two,0.5,0,M,0.2845,0.6474,0.8808,0.6132
A08120M,A08,12,1,two,0.5,0,M,0.013,0.1821,0.0815,0.2002
A0310M,A03,1,2,two,0.5,0,M,0.1477,0.8209,0.9123,0.3771
A0320M,A03,2,2,two,0.5,0,M,0.2396,0.8721,0.9943,0.4317
A0330M,A03,3,2,two,0.5,0,M,0.2404,0.9008,1.0138,0.443
A0340M,A03,4,2,two,0.5,0,M,0.208,0.8784,0.9966,0.4329
A0350M,A03,5,2,two,0.5,0,M,0.1848,0.9012,0.9996,0.4252
A0360M,A03,6,2,two,0.5,0,M,0.1575,0.8746,0.9781,0.4016
A0370M,A03,7,2,two,0.5,0,M,0.1834,0.8501,0.9636,0.3873
A0380M,A03,8,2,two,0.5,0,M,0.1767,0.7716,0.8904,0.3845
A0390M,A03,9,2,two,0.5,0,M,0.1712,0.8832,1.0084,0.4201
A03100M,A03,10,2,two,0.5,0,M,0.1637,0.8188,0.9372,0.3834
A03110M,A03,11,2,two,0.5,0,M,0.1642,0.8765,1.0021,0.3988
A03120M,A03,12,2,two,0.5,0,M,0.2119,0.8668,1.024,0.4114
A0310Q,A03,1,2,two,0.5,0,Q,0.1268,0.6437,0.7335,0.2413
A0320Q,A03,2,2,two,0.5,0,Q,0.1759,0.791,0.8758,0.3347
A0330Q,A03,3,2,two,0.5,0,Q,0.1799,0.779,0.8547,0.3112
A0340Q,A03,4,2,two,0.5,0,Q,0.1156,0.6287,0.7326,0.2904
A0350Q,A03,5,2,two,0.5,0,Q,0.1062,0.7572,0.8679,0.3478
A0360Q,A03,6,2,two,0.5,0,Q,0.0928,0.5435,0.6219,0.2362
A0370Q,A03,7,2,two,0.5,0,Q,0.0988,0.5959,0.6951,0.2775
A0380Q,A03,8,2,two,0.5,0,Q,0.118,0.5454,0.6374,0.2712
A0390Q,A03,9,2,two,0.5,0,Q,0.113,0.5876,0.6731,0.256
A03100Q,A03,10,2,two,0.5,0,Q,0.0889,0.6248,0.7389,0.3093
A03110Q,A03,11,2,two,0.5,0,Q,0.0832,0.5533,0.6342,0.2487
A03120Q,A03,12,2,two,0.5,0,Q,0.1657,0.7512,0.8668,0.3123
A0410M,A04,1,2,two,0.5,0,M,0.1373,0.3925,0.5089,0.3369
A0420M,A04,2,2,two,0.5,0,M,0.1394,0.3877,0.5149,0.3334
A0430M,A04,3,2,two,0.5,0,M,0.2301,0.5479,0.7282,0.2668
A0440M,A04,4,2,two,0.5,0,M,0.2651,0.583,0.7721,0.2577
A0450M,A04,5,2,two,0.5,0,M,0.2669,0.6453,0.8381,0.288
A0460M,A04,6,2,two,0.5,0,M,0.0264,0.1855,0.2157,0.1378
A0470M,A04,7,2,two,0.5,0,M,0.2184,0.5578,0.7352,0.335
A0480M,A04,8,2,two,0.5,0,M,0.2956,0.6858,0.8907,0.3214
A0490M,A04,9,2,two,0.5,0,M,0.245,0.5631,0.7595,0.2401
A04100M,A04,10,2,two,0.5,0,M,0.2353,0.5723,0.7811,0.29
A04110M,A04,11,2,two,0.5,0,M,0.0688,0.273,0.3313,0.2625
A04120M,A04,12,2,one,0.5,0,M,0.0537,0.2512,0.2944,0.3404
A0810M,A08,1,2,two,0.5,0,M,0.1928,0.4506,0.6279,0.5364
A0820M,A08,2,2,two,0.5,0,M,0.1801,0.4204,0.5532,0.3686
A0830M,A08,3,2,two,0.5,0,M,0.1609,0.3702,0.4249,0.3802
A0840M,A08,4,2,two,0.5,0,M,0.2153,0.4919,0.7087,0.4025
A0850M,A08,5,2,two,0.5,0,M,0.0647,0.2154,0.1876,0.4315
A0860M,A08,6,2,two,0.5,0,M,0.2971,0.6591,0.9388,0.6289
A0870M,A08,7,2,two,0.5,0,M,0.1138,0.3103,0.3376,0.2753
A0880M,A08,8,2,one,0.5,0,M,0.211,0.4959,0.7152,0.5362
A0890M,A08,9,2,two,0.5,0,M,0.1821,0.4118,0.5043,0.3618
A08100M,A08,10,2,two,0.5,0,M,0.1963,0.5177,0.6856,0.4323
A08110M,A08,11,2,two,0.5,0,M,0.2069,0.4555,0.5936,0.4542
A08120M,A08,12,2,two,0.5,0,M,0.0199,0.138,0.0917,0.2066
A0375M,A03,7,1,two,0.5,5,M,0.8653,1.1524,1.1724,0.6356
A0325Q,A03,2,1,two,0.5,5,Q,0.5509,0.9504,0.9943,0.455
A0335Q,A03,3,1,two,0.5,5,Q,0.2981,0.7432,0.7787,0.3509
A0365Q,A03,6,1,two,0.5,5,Q,0.4087,0.5685,0.5841,0.4189
A0375Q,A03,7,1,two,0.5,5,Q,0.3677,0.6761,0.7134,0.3966
A0385Q,A03,8,1,two,0.5,5,Q,0.3209,0.4447,0.5722,0.5337
A0395Q,A03,9,1,two,0.5,5,Q,0.3217,0.7754,0.8591,0.4332
A03115Q,A03,11,1,two,0.5,5,Q,0.1237,0.2353,0.348,0.6037
A0425M,A04,2,1,two,0.5,5,M,0.9357,1.3016,1.3279,0.8894
A0435M,A04,3,1,one,0.5,5,M,0.6898,1.0682,1.1961,0.7051
A0455M,A04,5,1,one,0.5,5,M,0.4863,0.7366,0.882,0.4373
A0465M,A04,6,1,two,0.5,5,M,0.5457,0.7972,0.8882,0.444
A0475M,A04,7,1,two,0.5,5,M,0.4674,0.6123,0.6684,0.4915
A0485M,A04,8,1,two,0.5,5,M,0.2914,0.4585,0.5902,0.4033
A04105M,A04,10,1,two,0.5,5,M,0.6035,0.8841,0.9477,0.4945
A08105M,A08,10,1,one,0.5,5,M,0.8964,1.2699,1.2184,0.7799
A0375M,A03,7,2,two,0.5,5,M,0.867,1.1662,1.1293,0.5977
A0325Q,A03,2,2,two,0.5,5,Q,0.4611,0.9708,0.9002,0.4523
A0335Q,A03,3,2,two,0.5,5,Q,0.2779,0.4939,0.5198,0.3515
A0365Q,A03,6,2,two,0.5,5,Q,0.3837,0.533,0.5759,0.4141
A0375Q,A03,7,2,two,0.5,5,Q,0.3425,0.6066,0.6476,0.4546
A0385Q,A03,8,2,two,0.5,5,Q,0.2893,0.3567,0.4979,0.508
A0395Q,A03,9,2,two,0.5,5,Q,0.2449,0.6058,0.7362,0.3981
A03115Q,A03,11,2,two,0.5,5,Q,0.1336,0.2078,0.4055,0.6732
A0425M,A04,2,2,two,0.5,5,M,0.8936,1.2906,1.1867,0.8657
A0435M,A04,3,2,two,0.5,5,M,0.6676,1.117,1.1066,0.6704
A0455M,A04,5,2,two,0.5,5,M,0.492,0.7762,0.8791,0.423
A0465M,A04,6,2,two,0.5,5,M,0.5322,0.7873,0.8289,0.43
A0475M,A04,7,2,two,0.5,5,M,0.4808,0.6418,0.6763,0.4356
A0485M,A04,8,2,two,0.5,5,M,0.2702,0.4029,0.5394,0.3962
A04105M,A04,10,2,two,0.5,5,M,0.5883,0.9149,0.9101,0.4914
A08105M,A08,10,2,two,0.5,5,M,0.8323,1.2036,1.0815,0.7103
A1710M,A17,1,1,one,0,0,M,1.6222,1.6239,1.634,1.3937
A1720M,A17,2,1,two,0,0,M,1.6084,1.618,1.6344,1.4199
A1730M,A17,3,1,two,0,0,M,1.621,1.6259,1.6439,1.388
A1740M,A17,4,1,two,0,0,M,1.6284,1.6253,1.6445,1.4078
A1750M,A17,5,1,two,0,0,M,1.6242,1.6287,1.6448,1.4006
A1760M,A17,6,1,two,0,0,M,1.6291,1.6482,1.6553,1.3958
A1770M,A17,7,1,two,0,0,M,1.6293,1.6434,1.6479,1.3646
A1790M,A17,9,1,two,0,0,M,1.6161,1.7203,1.7373,1.3892
A17100M,A17,10,1,two,0,0,M,1.6202,1.7284,1.7392,1.4011
A17110M,A17,11,1,two,0,0,M,1.4396,1.5584,1.5784,1.2076
A17120M,A17,12,1,two,0,0,M,1.5633,1.7083,1.7255,1.4456
A1710Q,A17,1,1,two,0,0,Q,1.6241,1.7118,1.7236,1.3435
A1720Q,A17,2,1,two,0,0,Q,1.5992,1.7012,1.7217,1.3135
A1730Q,A17,3,1,two,0,0,Q,1.6195,1.7061,1.7252,1.3265
A1740Q,A17,4,1,two,0,0,Q,1.601,1.6949,1.7219,1.333
A1750Q,A17,5,1,two,0,0,Q,1.6044,1.7102,1.7311,1.3477
A1760Q,A17,6,1,two,0,0,Q,1.6148,1.7167,1.7308,1.3349
A1770Q,A17,7,1,two,0,0,Q,1.6225,1.7329,1.7393,1.3365
A1780Q,A17,8,1,two,0,0,Q,1.6075,1.7316,1.7339,1.3286
A1790Q,A17,9,1,two,0,0,Q,1.5945,1.7081,1.7289,1.3538
A17100Q,A17,10,1,two,0,0,Q,1.577,1.708,1.7243,1.3237
A17110Q,A17,11,1,two,0,0,Q,1.6018,1.7128,1.728,1.3375
A17120Q,A17,12,1,two,0,0,Q,1.6032,1.7145,1.7241,1.3255
A1810M,A18,1,1,two,0,0,M,1.5774,1.6769,1.7034,1.3006
A1820M,A18,2,1,two,0,0,M,1.5807,1.6816,1.7105,1.3014
A1830M,A18,3,1,two,0,0,M,1.5585,1.6671,1.7086,1.3098
A1840M,A18,4,1,two,0,0,M,1.5585,1.6889,1.7236,1.3052
A1850M,A18,5,1,two,0,0,M,1.5438,1.676,1.7261,1.298
A1860M,A18,6,1,two,0,0,M,1.5449,1.6973,1.7282,1.3164
A1870M,A18,7,1,two,0,0,M,1.5668,1.6819,1.7072,1.2977
A1880M,A18,8,1,two,0,0,M,1.5647,1.7014,1.7362,1.3069
A1890M,A18,9,1,two,0,0,M,1.5402,1.6819,1.7281,1.306
A18100M,A18,10,1,two,0,0,M,1.5124,1.6562,1.7128,1.2657
A18110M,A18,11,1,two,0,0,M,1.5023,1.6729,1.7221,1.2561
A18120M,A18,12,1,two,0,0,M,1.5538,1.6837,1.7195,1.3507
A0210Q,A02,1,1,two,0,0,Q,1.5326,1.643,1.6918,1.2181
A0220Q,A02,2,1,two,0,0,Q,1.5292,1.639,1.7066,1.2318
A0230Q,A02,3,1,two,0,0,Q,1.4858,1.6173,1.7055,1.2324
A0240Q,A02,4,1,two,0,0,Q,1.4991,1.6466,1.7244,1.2568
A0250Q,A02,5,1,two,0,0,Q,1.4267,1.6011,1.6883,1.2415
A0260Q,A02,6,1,two,0,0,Q,1.4187,1.6394,1.7082,1.2529
A0270Q,A02,7,1,two,0,0,Q,1.4344,1.6285,1.7107,1.2584
A0280Q,A02,8,1,two,0,0,Q,1.5162,1.6801,1.7334,1.2491
A0290Q,A02,9,1,two,0,0,Q,1.4561,1.6615,1.7262,1.252
A02100Q,A02,10,1,two,0,0,Q,1.4778,1.6794,1.7286,1.2573
A02110Q,A02,11,1,two,0,0,Q,1.4969,1.6844,1.726,1.2411
A02120Q,A02,12,1,two,0,0,Q,1.5647,1.7215,1.7435,1.2502
A1710M,A17,1,2,one,0,0,M,1.6015,1.6914,1.7104,1.345
A1720M,A17,2,2,two,0,0,M,1.5944,1.6833,1.7092,1.3716
A1730M,A17,3,2,two,0,0,M,1.5897,1.6905,1.7171,1.3751
A1740M,A17,4,2,two,0,0,M,1.5859,1.6907,1.724,1.3889
A1750M,A17,5,2,two,0,0,M,1.5787,1.6917,1.7254,1.3606
A1760M,A17,6,2,two,0,0,M,1.5831,1.6996,1.7314,1.3501
A1770M,A17,7,2,two,0,0,M,1.5675,1.695,1.7188,1.3765
A1790M,A17,9,2,two,0,0,M,1.5763,1.6967,1.722,1.4466
A17100M,A17,10,2,two,0,0,M,1.5873,1.7142,1.7332,1.4385
A17110M,A17,11,2,two,0,0,M,1.3155,1.4545,1.4888,1.2716
A17120M,A17,12,2,two,0,0,M,1.5848,1.7068,1.7243,1.4543
A1710Q,A17,1,2,two,0,0,Q,1.5994,1.6832,1.7006,1.4466
A1720Q,A17,2,2,two,0,0,Q,1.5958,1.6882,1.7041,1.4092
A1730Q,A17,3,2,two,0,0,Q,1.5923,1.6808,1.7067,1.4293
A1740Q,A17,4,2,two,0,0,Q,1.5828,1.681,1.7121,1.4426
A1750Q,A17,5,2,two,0,0,Q,1.577,1.6897,1.7107,1.4324
A1760Q,A17,6,2,two,0,0,Q,1.5943,1.7098,1.7237,1.4434
A1770Q,A17,7,2,two,0,0,Q,1.5827,1.6988,1.7142,1.4249
A1780Q,A17,8,2,two,0,0,Q,1.5664,1.6957,1.7168,1.4083
A1790Q,A17,9,2,two,0,0,Q,1.5819,1.7062,1.7206,1.4306
A17100Q,A17,10,2,two,0,0,Q,1.5771,1.7137,1.727,1.3927
A17110Q,A17,11,2,two,0,0,Q,1.5854,1.709,1.7206,1.4491
A17120Q,A17,12,2,two,0,0,Q,1.5923,1.7066,1.7148,1.3959
A1810M,A18,1,2,two,0,0,M,1.5518,1.654,1.6871,1.3838
A1820M,A18,2,2,two,0,0,M,1.5459,1.6569,1.6819,1.3862
A1830M,A18,3,2,two,0,0,M,1.5499,1.6684,1.6944,1.3977
A1840M,A18,4,2,two,0,0,M,1.5487,1.6612,1.6929,1.4187
A1850M,A18,5,2,two,0,0,M,1.5351,1.6663,1.7043,1.3858
A1860M,A18,6,2,two,0,0,M,1.5432,1.6785,1.7045,1.3908
A1870M,A18,7,2,two,0,0,M,1.5417,1.6762,1.6965,1.3924
A1880M,A18,8,2,two,0,0,M,1.5446,1.6747,1.6974,1.3819
A1890M,A18,9,2,two,0,0,M,1.535,1.686,1.7154,1.3895
A18100M,A18,10,2,two,0,0,M,1.5283,1.6824,1.7232,1.3367
A18110M,A18,11,2,two,0,0,M,1.5377,1.6834,1.7192,1.3417
A18120M,A18,12,2,two,0,0,M,1.5614,1.7029,1.7266,1.381
A0210Q,A02,1,2,two,0,0,Q,1.4766,1.598,1.647,1.3228
A0220Q,A02,2,2,two,0,0,Q,1.482,1.6142,1.672,1.3415
A0230Q,A02,3,2,two,0,0,Q,1.4725,1.6252,1.6875,1.3416
A0240Q,A02,4,2,two,0,0,Q,1.5236,1.6689,1.7018,1.3457
A0250Q,A02,5,2,two,0,0,Q,1.5107,1.6446,1.6958,1.329
A0260Q,A02,6,2,two,0,0,Q,1.4933,1.6525,1.6985,1.3351
A0270Q,A02,7,2,two,0,0,Q,1.5224,1.6695,1.7058,1.3585
A0280Q,A02,8,2,two,0,0,Q,1.5328,1.6845,1.7178,1.3399
A0290Q,A02,9,2,two,0,0,Q,1.5363,1.7068,1.7405,1.3827
A02100Q,A02,10,2,two,0,0,Q,1.5292,1.6978,1.7279,1.355
A02110Q,A02,11,2,two,0,0,Q,1.5313,1.7095,1.7379,1.3536
A02120Q,A02,12,2,two,0,0,Q,1.5605,1.7281,1.749,1.3491
A1735M,A17,3,1,two,0,5,M,1.3838,1.5616,1.5305,1.2897
A1745M,A17,4,1,two,0,5,M,1.3587,1.3167,1.3463,1.4376
A1755M,A17,5,1,two,0,5,M,1.515,1.6363,1.6087,1.5213
A1765M,A17,6,1,two,0,5,M,1.3232,1.6174,1.554,1.3362
A1775M,A17,7,1,two,0,5,M,1.3332,1.6262,1.5461,1.4016
A1785M,A17,8,1,two,0,5,M,1.3851,1.6357,1.5904,1.3714
A1795M,A17,9,1,two,0,5,M,1.4439,1.5924,1.5543,1.3242
A17105M,A17,10,1,two,0,5,M,1.5042,1.6192,1.5899,1.3685
A17115M,A17,11,1,two,0,5,M,1.4477,1.5609,1.5297,1.193
A1725Q,A17,2,1,two,0,5,Q,1.5169,1.599,1.5922,1.3536
A1795Q,A17,9,1,two,0,5,Q,1.2085,1.1523,1.1814,1.3855
A17105Q,A17,10,1,two,0,5,Q,1.5165,1.6297,1.5909,1.3579
A17115Q,A17,11,1,two,0,5,Q,1.5137,1.622,1.5906,1.391
A1815M,A18,1,1,two,0,5,M,1.4625,1.6318,1.637,1.3692
A1825M,A18,2,1,two,0,5,M,1.5021,1.6342,1.6177,1.3742
A1835M,A18,3,1,two,0,5,M,1.4497,1.6111,1.6146,1.3464
A1845M,A18,4,1,two,0,5,M,1.3443,1.5194,1.4973,1.253
A1855M,A18,5,1,two,0,5,M,1.2493,1.554,1.5376,1.2898
A1865M,A18,6,1,two,0,5,M,1.4147,1.6153,1.5944,1.4449
A1875M,A18,7,1,two,0,5,M,1.4325,1.6104,1.6003,1.4107
A1895M,A18,9,1,two,0,5,M,1.4585,1.6437,1.6431,1.4597
A18105M,A18,10,1,two,0,5,M,1.4032,1.6433,1.6286,1.4005
A18115M,A18,11,1,two,0,5,M,1.4845,1.6451,1.6479,1.46
A18125M,A18,12,1,two,0,5,M,1.5123,1.6524,1.6552,1.4992
A0235Q,A02,3,1,two,0,5,Q,1.3003,1.6217,1.6154,1.384
A0265Q,A02,6,1,two,0,5,Q,1.3529,1.6386,1.6141,1.3969
A1735M,A17,3,2,two,0,5,M,1.3294,1.5541,1.5445,1.2588
A1745M,A17,4,2,two,0,5,M,1.3413,1.3222,1.3279,1.4021
A1755M,A17,5,2,two,0,5,M,1.4431,1.6313,1.6187,1.4603
A1765M,A17,6,2,two,0,5,M,1.1639,1.5996,1.578,1.3236
A1775M,A17,7,2,two,0,5,M,1.1718,1.5986,1.5798,1.373
A1785M,A17,8,2,two,0,5,M,1.2703,1.6228,1.6105,1.3507
A1795M,A17,9,2,two,0,5,M,1.4485,1.5937,1.5879,1.2976
A17105M,A17,10,2,two,0,5,M,1.5352,1.6222,1.6159,1.3864
A17115M,A17,11,2,two,0,5,M,1.4713,1.6022,1.5945,1.2717
A1725Q,A17,2,2,two,0,5,Q,1.4498,1.5892,1.59,1.385
A1795Q,A17,9,2,two,0,5,Q,1.2111,1.1519,1.1568,1.3744
A17105Q,A17,10,2,two,0,5,Q,1.5077,1.6183,1.6114,1.3867
A17115Q,A17,11,2,two,0,5,Q,1.4903,1.6204,1.6121,1.4021
A1815M,A18,1,2,two,0,5,M,1.5015,1.6053,1.6187,1.3807
A1825M,A18,2,2,two,0,5,M,1.3527,1.6,1.6078,1.3653
A1835M,A18,3,2,two,0,5,M,1.3806,1.5928,1.6013,1.3669
A1845M,A18,4,2,two,0,5,M,1.3295,1.5256,1.529,1.2413
A1855M,A18,5,2,two,0,5,M,1.324,1.5458,1.5501,1.2511
A1865M,A18,6,2,two,0,5,M,1.3933,1.5934,1.6041,1.3647
A1875M,A18,7,2,two,0,5,M,1.4111,1.621,1.6236,1.3592
A1895M,A18,9,2,two,0,5,M,1.3872,1.6246,1.6295,1.3547
A18105M,A18,10,2,two,0,5,M,1.3539,1.6324,1.6358,1.3164
A18115M,A18,11,2,two,0,5,M,1.4053,1.6305,1.6377,1.3605
A18125M,A18,12,2,two,0,5,M,1.4741,1.6454,1.6542,1.3752
A0235Q,A02,3,2,two,0,5,Q,1.4443,1.6063,1.611,1.3794
A0265Q,A02,6,2,two,0,5,Q,1.4709,1.6279,1.6237,1.397
A1710M,A17,1,1,one,0.5,0,M,0.1398,0.1642,0.217,0.3181
A1720M,A17,2,1,two,0.5,0,M,0.1671,0.2018,0.262,0.3645
A1730M,A17,3,1,two,0.5,0,M,0.151,0.1506,0.1326,0.3519
A1740M,A17,4,1,two,0.5,0,M,0.1792,0.2175,0.2192,0.3835
A1750M,A17,5,1,two,0.5,0,M,0.141,0.1584,0.1651,0.3562
A1760M,A17,6,1,two,0.5,0,M,0.1142,0.1212,0.1587,0.3227
A1770M,A17,7,1,two,0.5,0,M,0.1349,0.1393,0.1654,0.3635
A1790M,A17,9,1,two,0.5,0,M,0.1611,0.266,0.5736,0.4435
A17100M,A17,10,1,two,0.5,0,M,0.1689,0.2623,0.3911,0.4533
A17110M,A17,11,1,two,0.5,0,M,0.2422,0.3753,0.5607,0.6845
A17120M,A17,12,1,two,0.5,0,M,0.1685,0.2482,0.3929,0.3807
A1710Q,A17,1,1,two,0.5,0,Q,0.168,0.3112,0.4579,0.4081
A1720Q,A17,2,1,two,0.5,0,Q,0.16,0.2807,0.4028,0.4025
A1730Q,A17,3,1,two,0.5,0,Q,0.1877,0.3264,0.4646,0.4346
A1740Q,A17,4,1,two,0.5,0,Q,0.1712,0.3071,0.4141,0.4149
A1750Q,A17,5,1,two,0.5,0,Q,0.1552,0.2782,0.6343,0.3812
A1760Q,A17,6,1,two,0.5,0,Q,0.1574,0.2694,0.6024,0.3671
A1770Q,A17,7,1,two,0.5,0,Q,0.1562,0.2492,0.3675,0.3725
A1780Q,A17,8,1,two,0.5,0,Q,0.1278,0.1977,0.3051,0.3211
A1790Q,A17,9,1,two,0.5,0,Q,0.132,0.2131,0.3191,0.4068
A17100Q,A17,10,1,two,0.5,0,Q,0.1304,0.1923,0.3893,0.3255
A17110Q,A17,11,1,two,0.5,0,Q,0.1468,0.2156,0.4218,0.3819
A17120Q,A17,12,1,two,0.5,0,Q,0.1378,0.1967,0.5432,0.3477
A1810M,A18,1,1,two,0.5,0,M,0.1874,0.3278,0.4786,0.9847
A1820M,A18,2,1,two,0.5,0,M,0.1499,0.2649,0.412,0.6012
A1830M,A18,3,1,two,0.5,0,M,0.1713,0.3031,0.4436,0.5523
A1840M,A18,4,1,two,0.5,0,M,0.1888,0.3199,0.4629,0.5655
A1850M,A18,5,1,two,0.5,0,M,0.171,0.2954,0.4353,0.5487
A1860M,A18,6,1,two,0.5,0,M,0.1823,0.3108,0.4485,0.5763
A1870M,A18,7,1,two,0.5,0,M,0.2295,0.3691,0.5108,0.5851
A1880M,A18,8,1,two,0.5,0,M,0.1905,0.3145,0.4527,0.5915
A1890M,A18,9,1,two,0.5,0,M,0.1887,0.3136,0.4549,0.5889
A18100M,A18,10,1,two,0.5,0,M,0.1825,0.302,0.7052,0.5812
A18110M,A18,11,1,two,0.5,0,M,0.1446,0.2248,0.6265,0.5493
A18120M,A18,12,1,two,0.5,0,M,0.1944,0.303,0.3442,0.5485
A0210Q,A02,1,1,two,0.5,0,Q,0.1257,0.229,0.3267,0.2468
A0220Q,A02,2,1,two,0.5,0,Q,0.1529,0.2437,0.3438,0.2415
A0230Q,A02,3,1,two,0.5,0,Q,0.1493,0.2333,0.3334,0.2413
A0240Q,A02,4,1,two,0.5,0,Q,0.1401,0.2242,0.3278,0.2495
A0250Q,A02,5,1,two,0.5,0,Q,0.1448,0.2344,0.3388,0.2442
A0260Q,A02,6,1,two,0.5,0,Q,0.1352,0.217,0.3169,0.2441
A0270Q,A02,7,1,two,0.5,0,Q,0.1276,0.204,0.3018,0.2476
A0280Q,A02,8,1,two,0.5,0,Q,0.1414,0.2242,0.324,0.2565
A0290Q,A02,9,1,two,0.5,0,Q,0.1838,0.2692,0.3992,0.2944
A02100Q,A02,10,1,two,0.5,0,Q,0.1833,0.2631,0.5581,0.2923
A02110Q,A02,11,1,two,0.5,0,Q,0.1913,0.273,0.3157,0.291
A02120Q,A02,12,1,two,0.5,0,Q,0.1716,0.2442,0.2534,0.2668
A1710M,A17,1,2,one,0.5,0,M,0.1218,0.2438,0.3765,0.3373
A1720M,A17,2,2,two,0.5,0,M,0.1605,0.3033,0.4497,0.3593
A1730M,A17,3,2,two,0.5,0,M,0.1528,0.2813,0.4098,0.3553
A1740M,A17,4,2,two,0.5,0,M,0.175,0.3075,0.5128,0.4004
A1750M,A17,5,2,two,0.5,0,M,0.1376,0.2601,0.4107,0.3574
A1760M,A17,6,2,two,0.5,0,M,0.1356,0.2381,0.3668,0.3124
A1770M,A17,7,2,two,0.5,0,M,0.1542,0.2754,0.4166,0.3857
A1790M,A17,9,2,two,0.5,0,M,0.1576,0.2983,0.4472,0.3843
A17100M,A17,10,2,two,0.5,0,M,0.1901,0.3276,0.7326,0.4428
A17110M,A17,11,2,two,0.5,0,M,0.3258,0.6613,1.2303,0.6067
A17120M,A17,12,2,two,0.5,0,M,0.1386,0.2346,0.2936,0.318
A1710Q,A17,1,2,two,0.5,0,Q,0.1362,0.2822,0.4156,0.4099
A1720Q,A17,2,2,two,0.5,0,Q,0.1356,0.266,0.4093,0.3335
A1730Q,A17,3,2,two,0.5,0,Q,0.1695,0.3294,0.492,0.3988
A1740Q,A17,4,2,two,0.5,0,Q,0.1512,0.2828,0.4316,0.3868
A1750Q,A17,5,2,two,0.5,0,Q,0.1513,0.2802,0.4216,0.3683
A1760Q,A17,6,2,two,0.5,0,Q,0.1451,0.2618,0.4016,0.3838
A1770Q,A17,7,2,two,0.5,0,Q,0.1548,0.2736,0.4069,0.3387
A1780Q,A17,8,2,two,0.5,0,Q,0.1139,0.1949,0.2913,0.3075
A1790Q,A17,9,2,two,0.5,0,Q,0.1175,0.1995,0.298,0.2807
A17100Q,A17,10,2,two,0.5,0,Q,0.1225,0.1989,0.3049,0.2876
A17110Q,A17,11,2,two,0.5,0,Q,0.1613,0.254,0.6076,0.3412
A17120Q,A17,12,2,two,0.5,0,Q,0.1427,0.222,0.5374,0.3087
A1810M,A18,1,2,two,0.5,0,M,0.1675,0.3156,0.479,0.5172
A1820M,A18,2,2,two,0.5,0,M,0.1705,0.307,0.4428,0.5085
A1830M,A18,3,2,two,0.5,0,M,0.16,0.2875,0.4199,0.5031
A1840M,A18,4,2,two,0.5,0,M,0.219,0.3611,0.4963,0.5155
A1850M,A18,5,2,two,0.5,0,M,0.168,0.2989,0.4305,0.5048
A1860M,A18,6,2,two,0.5,0,M,0.1982,0.3329,0.4662,0.5275
A1870M,A18,7,2,two,0.5,0,M,0.183,0.3188,0.4489,0.5315
A1880M,A18,8,2,two,0.5,0,M,0.1681,0.2937,0.437,0.6053
A1890M,A18,9,2,two,0.5,0,M,0.1688,0.2977,0.414,0.5484
A18100M,A18,10,2,two,0.5,0,M,0.1976,0.3298,0.4559,0.5757
A18110M,A18,11,2,two,0.5,0,M,0.1415,0.2437,0.3655,0.4815
A18120M,A18,12,2,two,0.5,0,M,0.175,0.2942,0.6968,0.5144
A0210Q,A02,1,2,two,0.5,0,Q,0.0806,0.1935,0.2088,0.2246
A0220Q,A02,2,2,two,0.5,0,Q,0.1087,0.2095,0.2557,0.2098
A0230Q,A02,3,2,two,0.5,0,Q,0.0999,0.192,0.2469,0.3971
A0240Q,A02,4,2,two,0.5,0,Q,0.1271,0.214,0.2991,0.3156
A0250Q,A02,5,2,two,0.5,0,Q,0.1193,0.2165,0.3572,0.2564
A0260Q,A02,6,2,two,0.5,0,Q,0.1004,0.1914,0.3292,0.2171
A0270Q,A02,7,2,two,0.5,0,Q,0.1037,0.1881,0.2568,0.2211
A0280Q,A02,8,2,two,0.5,0,Q,0.1149,0.2131,0.2859,0.2148
A0290Q,A02,9,2,two,0.5,0,Q,0.1422,0.2374,0.3158,0.2441
A02100Q,A02,10,2,two,0.5,0,Q,0.1548,0.2452,0.3299,0.2502
A02110Q,A02,11,2,two,0.5,0,Q,0.1393,0.2283,0.3064,0.2079
A02120Q,A02,12,2,two,0.5,0,Q,0.1494,0.2451,0.2995,0.224
A1735M,A17,3,1,two,0.5,5,M,0.4222,0.6427,0.7608,0.6387
A1745M,A17,4,1,two,0.5,5,M,0.3682,0.5583,0.7212,1.01
A1755M,A17,5,1,two,0.5,5,M,0.3947,0.507,0.6038,0.8916
A1765M,A17,6,1,two,0.5,5,M,0.2762,0.4273,0.5052,0.5627
A1775M,A17,7,1,two,0.5,5,M,0.1913,0.2959,0.3512,0.5642
A1785M,A17,8,1,two,0.5,5,M,0.2558,0.4185,0.505,0.5266
A1795M,A17,9,1,two,0.5,5,M,0.53,0.7165,0.7829,0.7176
A17105M,A17,10,1,two,0.5,5,M,0.3265,0.4911,0.5882,0.6602
A17115M,A17,11,1,two,0.5,5,M,0.5108,0.6222,0.584,0.8164
A1725Q,A17,2,1,two,0.5,5,Q,0.0986,0.1427,0.1762,0.3445
A1795Q,A17,9,1,two,0.5,5,Q,0.1786,0.3421,0.5203,0.8458
A17105Q,A17,10,1,two,0.5,5,Q,0.1203,0.1801,0.2173,0.3338
A17115Q,A17,11,1,two,0.5,5,Q,0.1122,0.166,0.2221,0.3945
A1815M,A18,1,1,two,0.5,5,M,0.2073,0.2865,0.3482,0.5062
A1825M,A18,2,1,two,0.5,5,M,0.2196,0.3291,0.3985,0.4897
A1835M,A18,3,1,two,0.5,5,M,0.2131,0.3371,0.4046,0.4963
A1845M,A18,4,1,two,0.5,5,M,0.1613,0.277,0.337,0.424
A1855M,A18,5,1,two,0.5,5,M,0.2323,0.3394,0.3685,0.4427
A1865M,A18,6,1,two,0.5,5,M,0.1957,0.2761,0.3054,0.3815
A1875M,A18,7,1,two,0.5,5,M,0.1843,0.2762,0.3199,0.4788
A1895M,A18,9,1,two,0.5,5,M,0.1501,0.2478,0.3041,0.4738
A18105M,A18,10,1,two,0.5,5,M,0.1773,0.2841,0.3479,0.4848
A18115M,A18,11,1,two,0.5,5,M,0.1421,0.2226,0.2866,0.4736
A18125M,A18,12,1,two,0.5,5,M,0.1634,0.2228,0.3046,0.5004
A0235Q,A02,3,1,two,0.5,5,Q,0.1371,0.1992,0.2051,0.204
A0265Q,A02,6,1,two,0.5,5,Q,0.174,0.262,0.2545,0.1837
A1735M,A17,3,2,two,0.5,5,M,0.5381,0.7852,0.8288,0.5841
A1745M,A17,4,2,two,0.5,5,M,0.3514,0.5498,0.7267,0.8665
A1755M,A17,5,2,two,0.5,5,M,0.4791,0.6381,0.7507,0.6653
A1765M,A17,6,2,two,0.5,5,M,0.3587,0.5214,0.5757,0.469
A1775M,A17,7,2,two,0.5,5,M,0.2113,0.3322,0.3739,0.4288
A1785M,A17,8,2,two,0.5,5,M,0.2852,0.4302,0.5088,0.4066
A1795M,A17,9,2,two,0.5,5,M,0.6581,0.887,0.9518,0.719
A17105M,A17,10,2,two,0.5,5,M,0.387,0.5321,0.6564,0.5538
A17115M,A17,11,2,two,0.5,5,M,0.6166,0.7099,0.8443,0.8903
A1725Q,A17,2,2,two,0.5,5,Q,0.1013,0.1326,0.1749,0.2705
A1795Q,A17,9,2,two,0.5,5,Q,0.1743,0.3609,0.5544,0.7374
A17105Q,A17,10,2,two,0.5,5,Q,0.1114,0.1431,0.2131,0.3097
A17115Q,A17,11,2,two,0.5,5,Q,0.1157,0.1129,0.2052,0.2885
A1815M,A18,1,2,two,0.5,5,M,0.1828,0.1816,0.2921,0.4155
A1825M,A18,2,2,two,0.5,5,M,0.2119,0.2611,0.3709,0.4581
A1835M,A18,3,2,two,0.5,5,M,0.2182,0.2884,0.3855,0.4515
A1845M,A18,4,2,two,0.5,5,M,0.1354,0.1963,0.2648,0.357
A1855M,A18,5,2,two,0.5,5,M,0.197,0.2576,0.3122,0.3824
A1865M,A18,6,2,two,0.5,5,M,0.1857,0.2479,0.2922,0.3092
A1875M,A18,7,2,two,0.5,5,M,0.1945,0.2498,0.3284,0.4501
A1895M,A18,9,2,two,0.5,5,M,0.1718,0.2252,0.3161,0.4121
A18105M,A18,10,2,two,0.5,5,M,0.197,0.2737,0.3588,0.4258
A18115M,A18,11,2,two,0.5,5,M,0.1813,0.2112,0.3025,0.4168
A18125M,A18,12,2,two,0.5,5,M,0.1789,0.1691,0.276,0.4125
A0235Q,A02,3,2,two,0.5,5,Q,0.124,0.0764,0.1444,0.1609
A0265Q,A02,6,2,two,0.5,5,Q,0.1621,0.1226,0.1937,0.1585