name,line,time,transfer,RAD80,RAD50,RAD20,FoG80,FoG50,FoG20,slope
A02_t0_1_a,A02,t0,0,11,11,12,0.06,0.05,0.09,253.3
A02_t0_1_b,A02,t0,0,11,11,12,0.05,0.05,0.09,227.8
A02_t0_10_a,A02,t0,0,11,12,13,0.1,0.09,0.13,257.6
A02_t0_10_b,A02,t0,0,11,12,13,0.16,0.13,0.16,233.6
A02_t0_11_a,A02,t0,0,11,11,12,0.05,0.04,0.08,286
A02_t0_11_b,A02,t0,0,11,11,12,0.06,0.06,0.09,282.9
A02_t0_12_a,A02,t0,0,10,11,12,0.06,0.09,0.13,266.9
A02_t0_12_b,A02,t0,0,10,11,12,0.05,0.08,0.14,282.4
A02_t0_2_a,A02,t0,0,11,12,12,0.06,0.1,0.09,200.5
A02_t0_2_b,A02,t0,0,11,11,12,0.07,0.07,0.11,178.5
A02_t0_3_a,A02,t0,0,11,12,13,0.1,0.1,0.14,205.6
A02_t0_3_b,A02,t0,0,10,11,12,0.52,0.26,0.24,249.4
A02_t0_4_a,A02,t0,0,11,12,13,0.04,0.07,0.11,247.1
A02_t0_4_b,A02,t0,0,11,12,12,0.17,0.13,0.12,265.3
A02_t0_5_a,A02,t0,0,11,12,13,0.04,0.07,0.12,265.1
A02_t0_5_b,A02,t0,0,11,12,13,0.08,0.09,0.13,233.7
A02_t0_6_a,A02,t0,0,12,12,13,0.05,0.05,0.1,191.9
A02_t0_6_b,A02,t0,0,11,12,13,0.03,0.05,0.1,252.3
A02_t0_7_a,A02,t0,0,11,12,12,0.05,0.09,0.08,189.1
A02_t0_7_b,A02,t0,0,11,11,12,0.05,0.05,0.09,276.2
A02_t0_8_a,A02,t0,0,11,11,12,0.05,0.05,0.09,240.9
A02_t0_8_b,A02,t0,0,11,11,12,0.05,0.05,0.09,270.9
A02_t0_9_a,A02,t0,0,11,12,12,0.04,0.08,0.07,224
A02_t0_9_b,A02,t0,0,10,11,12,0.24,0.14,0.16,265.5
A02_t5_1_a_24,A02,t5,24,12,13,14,0.05,0.08,0.12,239.1
A02_t5_1_a_72,A02,t5,72,12,13,13,0.04,0.07,0.07,141.3
A02_t5_1_b_24,A02,t5,24,11,12,13,0.3,0.16,0.16,190.3
A02_t5_1_b_72,A02,t5,72,11,12,13,0.04,0.06,0.1,230.7
A02_t5_10_a_24,A02,t5,24,11,12,14,0.55,0.27,0.21,195.5
A02_t5_10_a_72,A02,t5,72,11,13,13,0.59,0.23,0.21,207.7
A02_t5_10_b_24,A02,t5,24,11,12,13,0.05,0.06,0.1,236.8
A02_t5_10_b_72,A02,t5,72,12,12,13,0.06,0.05,0.08,187.5
A02_t5_11_a_24,A02,t5,24,12,12,13,0.04,0.04,0.08,221
A02_t5_11_a_72,A02,t5,72,13,14,15,0.24,0.17,0.17,136.1
A02_t5_11_b_24,A02,t5,24,12,13,14,0.03,0.06,0.11,258.5
A02_t5_11_b_72,A02,t5,72,13,14,15,0.03,0.05,0.08,135
A02_t5_12_a_24,A02,t5,24,12,12,13,0.05,0.05,0.08,191.4
A02_t5_12_a_72,A02,t5,72,13,14,15,0.04,0.07,0.11,188.8
A02_t5_12_b_24,A02,t5,24,12,13,13,0.05,0.08,0.08,158.5
A02_t5_12_b_72,A02,t5,72,12,13,14,0.04,0.07,0.11,192.4
A02_t5_2_a_24,A02,t5,24,11,12,12,0.05,0.08,0.08,292.8
A02_t5_2_a_72,A02,t5,72,12,13,14,0.03,0.06,0.1,177.3
A02_t5_2_b_24,A02,t5,24,11,12,13,0.05,0.09,0.14,274.3
A02_t5_2_b_72,A02,t5,72,12,13,14,0.04,0.07,0.12,236.6
A02_t5_3_a_24,A02,t5,24,11,12,13,0.33,0.18,0.18,220.6
A02_t5_3_a_72,A02,t5,72,12,12,13,0.05,0.05,0.09,255.1
A02_t5_3_b_24,A02,t5,24,11,12,13,0.2,0.12,0.13,218.3
A02_t5_3_b_72,A02,t5,72,12,13,13,0.03,0.07,0.06,192.9
A02_t5_4_a_24,A02,t5,24,12,12,13,0.05,0.04,0.08,292.7
A02_t5_4_a_72,A02,t5,72,12,13,13,0.04,0.07,0.07,277.3
A02_t5_4_b_24,A02,t5,24,11,12,13,0.32,0.16,0.16,249.7
A02_t5_4_b_72,A02,t5,72,11,12,13,0.03,0.06,0.11,222.1
A02_t5_5_a_24,A02,t5,24,12,12,13,0.05,0.05,0.07,201.4
A02_t5_5_a_72,A02,t5,72,12,13,13,0.05,0.07,0.07,138.3
A02_t5_5_b_24,A02,t5,24,12,13,14,0.12,0.1,0.13,211.4
A02_t5_5_b_72,A02,t5,72,11,12,13,0.03,0.06,0.1,275.2
A02_t5_6_a_24,A02,t5,24,11,12,13,0.05,0.08,0.13,263.8
A02_t5_6_a_72,A02,t5,72,12,13,14,0.04,0.04,0.08,230.9
A02_t5_6_b_24,A02,t5,24,12,13,14,0.02,0.05,0.09,242.6
A02_t5_6_b_72,A02,t5,72,12,13,14,0.06,0.08,0.12,222.3
A02_t5_7_a_24,A02,t5,24,12,12,13,0.06,0.06,0.09,204.9
A02_t5_7_a_72,A02,t5,72,12,13,14,0.03,0.05,0.08,212
A02_t5_7_b_24,A02,t5,24,11,12,13,0.04,0.07,0.11,275.6
A02_t5_7_b_72,A02,t5,72,13,13,14,0.05,0.04,0.07,200.3
A02_t5_8_a_24,A02,t5,24,11,12,13,0.05,0.08,0.12,278.6
A02_t5_8_a_72,A02,t5,72,12,13,13,0.09,0.1,0.09,225.1
A02_t5_8_b_24,A02,t5,24,11,12,13,0.12,0.12,0.16,218.5
A02_t5_8_b_72,A02,t5,72,12,13,14,0.04,0.07,0.12,219.7
A02_t5_9_a_24,A02,t5,24,11,12,13,0.14,0.11,0.14,188.8
A02_t5_9_a_72,A02,t5,72,13,14,15,0.03,0.06,0.11,281.3
A02_t5_9_b_24,A02,t5,24,12,12,13,0.07,0.07,0.1,159.7
A02_t5_9_b_72,A02,t5,72,12,12,13,0.06,0.06,0.1,166.7
A03_t0_1_a,A03,t0,0,6,10,12,0.07,0.29,0.28,135.2
A03_t0_1_b,A03,t0,0,7,10,12,0.14,0.29,0.28,148.6
A03_t0_10_a,A03,t0,0,6,10,11,0.14,0.34,0.29,140.1
A03_t0_10_b,A03,t0,0,6,10,12,0.1,0.31,0.31,133.9
A03_t0_11_a,A03,t0,0,6,10,11,0.16,0.34,0.29,127
A03_t0_11_b,A03,t0,0,7,11,12,0.22,0.26,0.23,120.4
A03_t0_12_a,A03,t0,0,8,11,12,0.14,0.2,0.2,155
A03_t0_12_b,A03,t0,0,6,9,11,0.1,0.27,0.29,141.3
A03_t0_2_a,A03,t0,0,7,11,12,0.14,0.28,0.25,138.3
A03_t0_2_b,A03,t0,0,8,11,13,0.14,0.25,0.24,134.7
A03_t0_3_a,A03,t0,0,7,11,12,0.11,0.23,0.22,133.5
A03_t0_3_b,A03,t0,0,8,11,12,0.1,0.21,0.2,182.4
A03_t0_4_a,A03,t0,0,6,10,12,0.07,0.31,0.28,142.9
A03_t0_4_b,A03,t0,0,7,10,12,0.1,0.27,0.27,158.4
A03_t0_5_a,A03,t0,0,6,10,12,0.09,0.32,0.3,137.3
A03_t0_5_b,A03,t0,0,7,9,11,0.23,0.22,0.29,152.5
A03_t0_6_a,A03,t0,0,7,11,12,0.18,0.26,0.25,140.3
A03_t0_6_b,A03,t0,0,6,8,10,0.38,0.29,0.33,117.8
A03_t0_7_a,A03,t0,0,6,10,11,0.2,0.34,0.28,123.5
A03_t0_7_b,A03,t0,0,6,8,10,0.32,0.28,0.32,117.1
A03_t0_8_a,A03,t0,0,7,11,12,0.11,0.26,0.25,155.1
A03_t0_8_b,A03,t0,0,7,10,12,0.1,0.28,0.27,141.2
A03_t0_9_a,A03,t0,0,5,7,11,0.16,0.27,0.39,106.3
A03_t0_9_b,A03,t0,0,6,8,11,0.14,0.28,0.34,125.4
A03_t5_1_a_24,A03,t5,24,9,11,12,0.21,0.19,0.17,154.6
A03_t5_1_a_72,A03,t5,72,7,11,12,0.21,0.27,0.24,128.9
A03_t5_1_b_24,A03,t5,24,7,11,12,0.08,0.26,0.24,163.1
A03_t5_1_b_72,A03,t5,72,6,9,12,0.1,0.27,0.31,150.3
A03_t5_10_a_24,A03,t5,24,7,11,12,0.1,0.28,0.26,135
A03_t5_10_a_72,A03,t5,72,7,8,12,0.1,0.14,0.31,148.6
A03_t5_10_b_24,A03,t5,24,8,11,12,0.07,0.18,0.18,199.8
A03_t5_10_b_72,A03,t5,72,8,11,13,0.07,0.21,0.23,168
A03_t5_11_a_24,A03,t5,24,7,11,12,0.24,0.29,0.23,126.1
A03_t5_11_a_72,A03,t5,72,7,10,12,0.12,0.28,0.28,142.3
A03_t5_11_b_24,A03,t5,24,8,9,11,0.22,0.19,0.25,143.9
A03_t5_11_b_72,A03,t5,72,8,10,12,0.13,0.21,0.22,188.8
A03_t5_12_a_24,A03,t5,24,9,12,13,0.13,0.18,0.19,170.6
A03_t5_12_a_72,A03,t5,72,7,10,12,0.1,0.25,0.25,173
A03_t5_12_b_24,A03,t5,24,10,11,13,0.14,0.13,0.16,180.9
A03_t5_12_b_72,A03,t5,72,7,10,11,0.08,0.23,0.21,197.3
A03_t5_2_a_24,A03,t5,24,6,7,11,0.29,0.25,0.39,139.2
A03_t5_2_a_72,A03,t5,72,6,9,12,0.09,0.26,0.31,150.4
A03_t5_2_b_24,A03,t5,24,9,11,12,0.12,0.14,0.15,194.9
A03_t5_2_b_72,A03,t5,72,8,11,12,0.14,0.24,0.21,168.9
A03_t5_3_a_24,A03,t5,24,9,11,12,0.16,0.15,0.16,171.7
A03_t5_3_a_72,A03,t5,72,10,12,13,0.27,0.18,0.18,147.5
A03_t5_3_b_24,A03,t5,24,10,11,12,0.17,0.15,0.14,183.8
A03_t5_3_b_72,A03,t5,72,9,12,12,0.31,0.2,0.19,158.7
A03_t5_4_a_24,A03,t5,24,10,12,13,0.15,0.16,0.16,173.6
A03_t5_4_a_72,A03,t5,72,8,9,11,0.14,0.15,0.22,163.6
A03_t5_4_b_24,A03,t5,24,9,11,12,0.11,0.14,0.15,161.9
A03_t5_4_b_72,A03,t5,72,8,10,12,0.08,0.14,0.22,149.4
A03_t5_5_a_24,A03,t5,24,8,11,12,0.11,0.2,0.18,173.4
A03_t5_5_a_72,A03,t5,72,7,11,12,0.12,0.31,0.27,141.9
A03_t5_5_b_24,A03,t5,24,9,12,13,0.14,0.16,0.19,172.4
A03_t5_5_b_72,A03,t5,72,8,10,12,0.07,0.16,0.24,171.8
A03_t5_6_a_24,A03,t5,24,7,11,12,0.08,0.22,0.22,160.1
A03_t5_6_a_72,A03,t5,72,5,9,12,0.19,0.37,0.35,134.7
A03_t5_6_b_24,A03,t5,24,7,10,11,0.08,0.21,0.2,166.2
A03_t5_6_b_72,A03,t5,72,7,10,12,0.23,0.29,0.24,146.1
A03_t5_7_a_24,A03,t5,24,10,11,12,0.23,0.17,0.16,169.1
A03_t5_7_a_72,A03,t5,72,6,8,11,0.24,0.22,0.34,132.9
A03_t5_7_b_24,A03,t5,24,8,10,12,0.06,0.17,0.2,194.6
A03_t5_7_b_72,A03,t5,72,7,9,11,0.1,0.21,0.25,175.4
A03_t5_8_a_24,A03,t5,24,6,10,11,0.06,0.28,0.25,166.6
A03_t5_8_a_72,A03,t5,72,7,9,12,0.13,0.25,0.3,159
A03_t5_8_b_24,A03,t5,24,9,11,12,0.18,0.16,0.16,164.5
A03_t5_8_b_72,A03,t5,72,7,11,12,0.06,0.24,0.22,169.9
A03_t5_9_a_24,A03,t5,24,6,9,12,0.13,0.29,0.31,118.9
A03_t5_9_a_72,A03,t5,72,6,8,12,0.17,0.29,0.37,128.9
A03_t5_9_b_24,A03,t5,24,8,10,11,0.29,0.24,0.25,174.3
A03_t5_9_b_72,A03,t5,72,6,9,11,0.08,0.28,0.28,136.7
A04_t0_1_a,A04,t0,0,11,12,12,0.03,0.07,0.06,296.9
A04_t0_1_b,A04,t0,0,12,12,13,0.05,0.05,0.09,276.4
A04_t0_10_a,A04,t0,0,11,12,12,0.04,0.08,0.08,258.3
A04_t0_10_b,A04,t0,0,11,12,13,0.03,0.06,0.11,279.8
A04_t0_11_a,A04,t0,0,11,12,13,0.04,0.07,0.12,243.8
A04_t0_11_b,A04,t0,0,11,12,13,0.03,0.06,0.11,287.5
A04_t0_12_a,A04,t0,0,11,12,12,0.03,0.07,0.06,258.5
A04_t0_12_b,A04,t0,0,12,12,13,0.05,0.05,0.09,193.1
A04_t0_2_a,A04,t0,0,11,12,13,0.04,0.07,0.12,319.5
A04_t0_2_b,A04,t0,0,11,12,12,0.05,0.08,0.08,254.5
A04_t0_3_a,A04,t0,0,11,12,13,0.04,0.08,0.13,307.8
A04_t0_3_b,A04,t0,0,10,11,12,0.04,0.06,0.09,291.1
A04_t0_4_a,A04,t0,0,10,11,12,0.22,0.14,0.17,245.3
A04_t0_4_b,A04,t0,0,11,12,13,0.03,0.07,0.11,267.3
A04_t0_5_a,A04,t0,0,11,11,12,0.05,0.05,0.09,257.9
A04_t0_5_b,A04,t0,0,11,12,12,0.05,0.09,0.08,309.9
A04_t0_6_b,A04,t0,0,11,11,12,0.05,0.05,0.08,279.9
A04_t0_7_b,A04,t0,0,11,12,12,0.04,0.08,0.08,246.5
A04_t0_8_a,A04,t0,0,11,11,12,0.05,0.04,0.08,285.4
A04_t0_8_b,A04,t0,0,10,11,12,0.14,0.12,0.14,271
A04_t0_9_a,A04,t0,0,11,11,12,0.05,0.04,0.09,282.9
A04_t0_9_b,A04,t0,0,11,12,13,0.04,0.08,0.13,323.2
A04_t5_1_a_24,A04,t5,24,11,12,13,0.05,0.07,0.12,267
A04_t5_1_a_72,A04,t5,72,10,11,12,0.03,0.07,0.12,322.5
A04_t5_1_b_24,A04,t5,24,10,11,12,0.03,0.05,0.09,212.5
A04_t5_1_b_72,A04,t5,72,11,11,12,0.04,0.04,0.09,340.5
A04_t5_10_a_24,A04,t5,24,13,13,14,0.04,0.03,0.08,262.1
A04_t5_10_a_72,A04,t5,72,11,12,13,0.03,0.06,0.11,266.4
A04_t5_10_b_24,A04,t5,24,12,12,13,0.04,0.04,0.08,178.2
A04_t5_10_b_72,A04,t5,72,11,12,13,0.03,0.06,0.11,273.7
A04_t5_11_a_24,A04,t5,24,11,12,13,0.03,0.05,0.09,274.4
A04_t5_11_a_72,A04,t5,72,10,11,11,0.04,0.07,0.07,307.7
A04_t5_11_b_24,A04,t5,24,12,12,13,0.05,0.05,0.09,221.8
A04_t5_11_b_72,A04,t5,72,10,11,12,0.03,0.05,0.09,328.2
A04_t5_12_a_24,A04,t5,24,12,12,13,0.05,0.05,0.08,218.4
A04_t5_12_a_72,A04,t5,72,11,12,12,0.03,0.07,0.06,295
A04_t5_12_b_24,A04,t5,24,13,14,15,0.02,0.06,0.1,208.5
A04_t5_12_b_72,A04,t5,72,11,12,13,0.03,0.06,0.11,249.1
A04_t5_2_a_24,A04,t5,24,11,11,12,0.05,0.05,0.08,219.9
A04_t5_2_a_72,A04,t5,72,11,12,12,0.04,0.07,0.07,226.4
A04_t5_2_b_24,A04,t5,24,11,11,12,0.04,0.04,0.08,240.6
A04_t5_2_b_72,A04,t5,72,12,13,13,0.03,0.07,0.07,274.6
A04_t5_3_a_24,A04,t5,24,12,12,13,0.05,0.04,0.08,212
A04_t5_3_a_72,A04,t5,72,11,12,12,0.04,0.08,0.07,249.9
A04_t5_3_b_24,A04,t5,24,12,12,13,0.04,0.04,0.09,247.4
A04_t5_3_b_72,A04,t5,72,11,12,13,0.02,0.05,0.1,225.9
A04_t5_4_a_24,A04,t5,24,12,12,14,0.03,0.03,0.12,281.1
A04_t5_4_a_72,A04,t5,72,11,12,12,0.03,0.06,0.06,279.2
A04_t5_4_b_72,A04,t5,24,11,12,13,0.03,0.06,0.11,263.8
A04_t5_5_a_24,A04,t5,72,11,12,13,0.1,0.09,0.12,248.5
A04_t5_5_a_72,A04,t5,24,11,12,12,0.03,0.07,0.07,303.4
A04_t5_5_b_72,A04,t5,72,11,11,13,0.07,0.07,0.15,143.7
A04_t5_6_a_24,A04,t5,24,10,12,12,0.4,0.15,0.14,277.6
A04_t5_6_a_72,A04,t5,72,6,8,11,0.12,0.23,0.3,137
A04_t5_6_b_24,A04,t5,24,11,12,13,0.04,0.06,0.11,239.9
A04_t5_6_b_72,A04,t5,72,8,11,12,0.14,0.22,0.21,140.1
A04_t5_7_a_24,A04,t5,24,10,11,12,0.04,0.06,0.1,247.6
A04_t5_7_a_72,A04,t5,72,11,12,12,0.03,0.07,0.07,217.8
A04_t5_7_b_24,A04,t5,24,10,11,12,0.02,0.06,0.11,257.8
A04_t5_7_b_72,A04,t5,72,12,12,13,0.05,0.05,0.1,231.5
A04_t5_8_a_24,A04,t5,24,12,13,14,0.05,0.07,0.12,197
A04_t5_8_a_72,A04,t5,72,11,11,12,0.05,0.04,0.08,257.5
A04_t5_8_b_24,A04,t5,24,12,13,14,0.03,0.06,0.11,185.4
A04_t5_8_b_72,A04,t5,72,11,12,13,0.02,0.05,0.1,250.7
A04_t5_9_a_24,A04,t5,24,12,13,13,0.04,0.07,0.07,192
A04_t5_9_a_72,A04,t5,72,13,14,15,0.05,0.04,0.08,147.5
A04_t5_9_b_24,A04,t5,24,12,13,13,0.03,0.06,0.06,171.7
A04_t5_9_b_72,A04,t5,72,15,18,19,0.05,0.13,0.16,92.3
A08_t0_1_a,A08,t0,0,10,11,11,0.06,0.1,0.1,261.6
A08_t0_1_b,A08,t0,0,10,11,12,0.03,0.07,0.13,331.3
A08_t0_10_a,A08,t0,0,11,11,12,0.08,0.07,0.1,220.5
A08_t0_10_b,A08,t0,0,10,11,12,0.25,0.14,0.15,210.2
A08_t0_11_a,A08,t0,0,10,11,11,0.04,0.09,0.08,284.3
A08_t0_11_b,A08,t0,0,10,10,11,0.06,0.05,0.09,258.7
A08_t0_12_a,A08,t0,0,11,11,12,0.05,0.05,0.1,262
A08_t0_12_b,A08,t0,0,10,11,12,0.09,0.11,0.16,209.3
A08_t0_2_a,A08,t0,0,9,10,11,0.52,0.28,0.23,249.8
A08_t0_2_b,A08,t0,0,10,11,12,0.29,0.17,0.17,258.3
A08_t0_3_a,A08,t0,0,7,10,11,0.16,0.21,0.19,232.7
A08_t0_3_b,A08,t0,0,10,11,12,0.12,0.09,0.11,222.9
A08_t0_4_a,A08,t0,0,10,11,12,0.03,0.07,0.12,287.8
A08_t0_4_b,A08,t0,0,10,11,12,0.12,0.1,0.14,302.2
A08_t0_5_a,A08,t0,0,10,11,12,0.04,0.08,0.13,221.1
A08_t0_5_b,A08,t0,0,11,11,12,0.05,0.05,0.09,324.7
A08_t0_6_a,A08,t0,0,11,11,12,0.05,0.04,0.09,293.5
A08_t0_6_b,A08,t0,0,10,11,11,0.09,0.11,0.1,262.1
A08_t0_7_a,A08,t0,0,10,10,11,0.18,0.16,0.16,268.5
A08_t0_7_b,A08,t0,0,11,11,12,0.06,0.05,0.1,300.8
A08_t0_8_a,A08,t0,0,10,11,11,0.03,0.07,0.07,312.1
A08_t0_8_b,A08,t0,0,11,11,12,0.06,0.06,0.11,296.7
A08_t0_9_a,A08,t0,0,10,11,12,0.02,0.06,0.11,329
A08_t0_9_b,A08,t0,0,10,11,12,0.03,0.06,0.12,313.3
A08_t5_1_a_24,A08,t5,24,10,11,12,0.03,0.05,0.09,327.2
A08_t5_1_a_72,A08,t5,72,10,10,11,0.07,0.06,0.11,287.4
A08_t5_1_b_24,A08,t5,24,10,11,12,0.25,0.15,0.17,288.6
A08_t5_1_b_72,A08,t5,72,10,10,11,0.05,0.05,0.09,316.6
A08_t5_10_a_24,A08,t5,24,10,11,11,0.08,0.1,0.09,298.8
A08_t5_10_a_72,A08,t5,72,9,10,11,0.67,0.34,0.25,274.8
A08_t5_10_b_24,A08,t5,24,10,10,11,0.04,0.04,0.08,316.7
A08_t5_10_b_72,A08,t5,72,10,11,12,0.35,0.2,0.21,279.7
A08_t5_11_a_24,A08,t5,24,10,11,12,0.4,0.22,0.2,292.8
A08_t5_11_a_72,A08,t5,72,11,11,12,0.04,0.04,0.09,335.2
A08_t5_11_b_24,A08,t5,24,10,11,12,0.05,0.06,0.1,262.4
A08_t5_11_b_72,A08,t5,72,11,12,13,0.03,0.07,0.12,325.3
A08_t5_12_a_24,A08,t5,24,10,11,12,0.08,0.08,0.11,280.4
A08_t5_12_a_72,A08,t5,72,10,11,12,0.21,0.12,0.14,285.2
A08_t5_12_b_24,A08,t5,24,9,10,11,0.42,0.22,0.18,229.5
A08_t5_12_b_72,A08,t5,72,11,12,12,0.05,0.09,0.08,252
A08_t5_2_a_24,A08,t5,24,11,12,12,0.04,0.08,0.07,329.8
A08_t5_2_a_72,A08,t5,72,11,12,12,0.03,0.08,0.07,300.9
A08_t5_2_b_24,A08,t5,24,10,11,12,0.03,0.07,0.12,302.5
A08_t5_2_b_72,A08,t5,72,11,12,13,0.03,0.06,0.12,308.3
A08_t5_3_a_24,A08,t5,24,11,11,12,0.04,0.04,0.08,324.8
A08_t5_3_a_72,A08,t5,72,10,11,12,0.03,0.05,0.11,333.1
A08_t5_3_b_24,A08,t5,24,10,11,12,0.04,0.08,0.13,312.5
A08_t5_3_b_72,A08,t5,72,10,10,11,0.06,0.06,0.09,292.5
A08_t5_4_a_24,A08,t5,24,11,12,12,0.04,0.08,0.08,312.1
A08_t5_4_a_72,A08,t5,72,10,11,12,0.02,0.05,0.1,321.2
A08_t5_4_b_24,A08,t5,24,10,11,12,0.48,0.26,0.2,197.9
A08_t5_4_b_72,A08,t5,72,10,11,11,0.11,0.11,0.1,292.3
A08_t5_5_a_24,A08,t5,24,10,11,12,0.05,0.05,0.09,263.2
A08_t5_5_a_72,A08,t5,72,11,11,12,0.05,0.04,0.09,278.6
A08_t5_5_b_24,A08,t5,24,11,11,12,0.06,0.06,0.11,270.7
A08_t5_5_b_72,A08,t5,72,11,11,12,0.05,0.05,0.09,263.3
A08_t5_6_a_24,A08,t5,24,9,10,10,0.22,0.14,0.13,287.1
A08_t5_6_a_72,A08,t5,72,9,10,11,0.09,0.08,0.13,289.8
A08_t5_6_b_24,A08,t5,24,10,10,11,0.27,0.19,0.18,273.1
A08_t5_6_b_72,A08,t5,72,9,10,11,0.46,0.22,0.21,292.4
A08_t5_7_a_24,A08,t5,24,11,12,13,0.03,0.07,0.12,308.1
A08_t5_7_a_72,A08,t5,72,9,10,10,0.26,0.19,0.18,264.9
A08_t5_7_b_24,A08,t5,24,10,10,11,0.05,0.05,0.08,313.6
A08_t5_7_b_72,A08,t5,72,8,9,10,0.55,0.26,0.21,280.9
A08_t5_8_a_24,A08,t5,24,10,10,11,0.19,0.18,0.15,247.4
A08_t5_8_a_72,A08,t5,72,12,13,13,0.06,0.08,0.08,181.9
A08_t5_8_b_24,A08,t5,24,10,10,11,0.06,0.06,0.09,304.9
A08_t5_8_b_72,A08,t5,72,12,13,13,0.17,0.14,0.14,170.6
A08_t5_9_a_24,A08,t5,24,11,11,12,0.04,0.04,0.08,319
A08_t5_9_a_72,A08,t5,72,10,11,12,0.11,0.12,0.18,199.6
A08_t5_9_b_24,A08,t5,24,10,11,12,0.39,0.19,0.18,256.1
A08_t5_9_b_72,A08,t5,72,10,10,12,0.21,0.16,0.2,279.6
A17_t0_10_a_72,A17,t0,0,6,10,11,0.26,0.28,0.25,131.4
A17_t0_10_b_72,A17,t0,0,6,10,11,0.3,0.29,0.26,128.1
A17_t0_11_a_72,A17,t0,0,9,11,12,0.36,0.2,0.2,201.6
A17_t0_11_b_72,A17,t0,0,9,11,12,0.46,0.22,0.22,191.3
A17_t0_12_a_72,A17,t0,0,7,10,11,0.39,0.28,0.23,150.1
A17_t0_12_b_72,A17,t0,0,7,10,11,0.35,0.25,0.24,131.9
A17_t0_2_a_72,A17,t0,0,9,12,13,0.19,0.18,0.19,139.4
A17_t0_3_a_72,A17,t0,0,9,11,13,0.16,0.19,0.19,150.7
A17_t0_3_b_72,A17,t0,0,10,11,12,0.38,0.23,0.22,145.4
A17_t0_4_a_72,A17,t0,0,10,11,12,0.33,0.21,0.16,152.7
A17_t0_5a_72,A17,t0,0,10,12,13,0.31,0.17,0.2,135.4
A17_t0_7_a_72,A17,t0,0,9,10,11,0.48,0.28,0.21,174.3
A17_t0_7_b_72,A17,t0,0,7,10,11,0.38,0.23,0.25,177.3
A17_t0_8_a_72,A17,t0,0,6,10,12,0.6,0.47,0.35,106.5
A17_t0_8_b_72,A17,t0,0,6,10,12,0.52,0.43,0.35,87.2
A17_t0_9_a_72,A17,t0,0,7,10,11,0.15,0.21,0.19,138.6
A17_t0_9_b_72,A17,t0,0,8,10,11,0.24,0.19,0.19,222
A17_t5_10_a_72,A17,t5,72,2,10,12,0.97,0.46,0.4,61.5
A17_t5_10_b_72,A17,t5,72,4,11,12,0.68,0.35,0.32,176.2
A17_t5_11_a_72,A17,t5,72,9,10,11,0.49,0.27,0.23,193.4
A17_t5_11_b_72,A17,t5,72,8,9,10,0.56,0.32,0.22,208.2
A17_t5_12_a_72,A17,t5,72,8,11,12,0.44,0.25,0.23,112.3
A17_t5_12_b_72,A17,t5,72,11,12,14,0.06,0.1,0.2,105.5
A17_t5_1_a_72,A17,t5,72,10,11,13,0.74,0.41,0.29,94
A17_t5_1_b_72,A17,t5,72,10,12,13,0.7,0.29,0.3,165.8
A17_t5_2_a_72,A17,t5,72,8,11,12,0.12,0.2,0.21,89.4
A17_t5_2_b_72,A17,t5,72,8,11,12,0.17,0.22,0.21,115.7
A17_t5_3_a_72,A17,t5,72,7,11,12,0.18,0.22,0.21,163.4
A17_t5_3_b_72,A17,t5,72,7,11,12,0.25,0.25,0.25,113.2
A17_t5_4_a_72,A17,t5,72,9,11,12,0.49,0.28,0.23,150
A17_t5_4_b_72,A17,t5,72,7,11,13,0.36,0.31,0.26,90.1
A17_t5_5a_72,A17,t5,72,8,11,12,0.39,0.24,0.23,97.5
A17_t5_5_b_72,A17,t5,72,10,11,12,0.45,0.26,0.23,134.8
A17_t5_6_a_72,A17,t5,72,9,11,12,0.65,0.25,0.24,144.8
A17_t5_6_b_72,A17,t5,72,8,10,11,0.66,0.3,0.27,169.3
A17_t5_7_a_72,A17,t5,72,8,10,11,0.54,0.29,0.23,171.2
A17_t5_7_b_72,A17,t5,72,10,11,12,0.22,0.17,0.2,169.8
A17_t5_8_a_72,A17,t5,72,10,11,12,0.19,0.15,0.18,155.9
A17_t5_8_b_72,A17,t5,72,6,10,11,0.41,0.32,0.24,153.8
A17_t5_9_a_72,A17,t5,72,10,11,12,0.13,0.12,0.16,151.1
A17_t5_9_b_72,A17,t5,72,5,10,11,0.56,0.33,0.32,166.4
A12_t0_10_a_72,A12,t0,0,1,9,11,NA,0.69,0.5,37.6
A12_t0_10_b_72,A12,t0,0,3,8,10,0.69,0.65,0.46,36.7
A12_t0_11_a_72,A12,t0,0,2,9,10,0.95,0.68,0.46,78.4
A12_t0_11_b_72,A12,t0,0,1,9,10,NA,0.64,0.46,58.4
A12_t0_12_a_72,A12,t0,0,2,8,10,0.92,0.68,0.5,41
A12_t0_12_b_72,A12,t0,0,1,9,10,NA,0.65,0.49,35.5
A12_t0_1_a_72,A12,t0,0,2,9,10,0.64,0.59,0.45,43.9
A12_t0_1_b_72,A12,t0,0,1,9,10,NA,0.58,0.43,43.7
A12_t0_2_a_72,A12,t0,0,3,9,10,0.61,0.47,0.41,51.4
A12_t0_2_b_72,A12,t0,0,4,9,10,0.67,0.53,0.41,61.7
A12_t0_3_a_72,A12,t0,0,2,8,10,0.57,0.53,0.42,47.1
A12_t0_3_b_72,A12,t0,0,3,9,10,0.55,0.46,0.39,52.4
A12_t0_4_a_72,A12,t0,0,1,9,10,NA,0.64,0.46,40.4
A12_t0_4_b_72,A12,t0,0,2,9,10,0.84,0.61,0.44,62.1
A12_t0_5a_72,A12,t0,0,3,8,10,0.47,0.51,0.41,48.1
A12_t0_5_b_72,A12,t0,0,2,8,9,0.5,0.55,0.42,41.1
A12_t0_6_a_72,A12,t0,0,5,11,12,0.38,0.35,0.3,37.3
A12_t0_6_b_72,A12,t0,0,4,11,14,0.27,0.52,0.41,23.7
A12_t0_7_a_72,A12,t0,0,2,7,8,0.71,0.55,0.43,62
A12_t0_7_b_72,A12,t0,0,3,7,9,0.67,0.54,0.42,63.9
A12_t0_8_a_72,A12,t0,0,1,8,10,NA,0.67,0.48,52.1
A12_t0_8_b_72,A12,t0,0,2,9,11,0.96,0.65,0.48,39.9
A12_t0_9_a_72,A12,t0,0,0,8,9,NA,0.71,0.51,48.9
A12_t0_9_b_72,A12,t0,0,1,8,9,NA,0.65,0.47,43.1
A12_t5_10_a_72,A12,t5,72,0,9,10,NA,0.74,0.52,52.1
A12_t5_10_b_72,A12,t5,72,3,9,11,0.71,0.56,0.45,32.8
A12_t5_11_a_72,A12,t5,72,0,9,10,NA,0.67,0.5,40.5
A12_t5_11_b_72,A12,t5,72,1,9,12,NA,0.54,0.53,31.4
A12_t5_12_a_72,A12,t5,72,1,8,11,NA,0.67,0.51,31.9
A12_t5_12_b_72,A12,t5,72,2,8,10,0.74,0.62,0.45,39.4
A12_t5_1_a_72,A12,t5,72,3,9,10,0.81,0.55,0.42,74.4
A12_t5_1_b_72,A12,t5,72,2,9,10,0.83,0.58,0.44,72.3
A12_t5_2_a_72,A12,t5,72,2,7,9,0.73,0.66,0.49,43.3
A12_t5_2_b_72,A12,t5,72,0,8,9,NA,0.7,0.5,59.4
A12_t5_3_a_72,A12,t5,72,3,9,9,0.59,0.43,0.39,67.8
A12_t5_3_b_72,A12,t5,72,3,9,10,0.7,0.43,0.38,49.4
A12_t5_4_a_72,A12,t5,72,3,11,12,0.67,0.4,0.34,107.5
A12_t5_4_b_72,A12,t5,72,3,11,12,0.57,0.45,0.35,94.2
A12_t5_5a_72,A12,t5,72,4,8,9,0.47,0.47,0.35,37.4
A12_t5_5_b_72,A12,t5,72,3,8,9,0.63,0.55,0.4,41.7
A12_t5_6_a_72,A12,t5,72,3,7,8,0.5,0.51,0.4,68
A12_t5_6_b_72,A12,t5,72,3,8,9,0.45,0.54,0.4,59
A12_t5_7_a_72,A12,t5,72,2,7,8,0.79,0.66,0.48,44.7
A12_t5_7_b_72,A12,t5,72,2,8,9,0.83,0.63,0.44,56.8
A12_t5_8_a_72,A12,t5,72,1,9,10,NA,0.63,0.47,31.2
A12_t5_8_b_72,A12,t5,72,1,8,10,NA,0.7,0.47,39.1
A12_t5_9_a_72,A12,t5,72,1,8,10,NA,0.69,0.48,54.8
A12_t5_9_b_72,A12,t5,72,0,8,10,NA,0.75,0.52,37.7
A10_t0_11_a_72,A10,t0,0,4,11,12,0.8,0.52,0.39,76.2
A10_t0_11_b_72,A10,t0,0,6,11,12,0.6,0.4,0.33,68.4
A10_t0_12_a_72,A10,t0,0,5,11,12,0.6,0.45,0.37,78.3
A10_t0_12_b_72,A10,t0,0,0,10,12,NA,0.57,0.43,98.9
A10_t0_1_a_72,A10,t0,0,6,12,13,0.54,0.39,0.32,58
A10_t0_2_a_72,A10,t0,0,7,11,13,0.51,0.39,0.32,67.2
A10_t0_3_a_72,A10,t0,0,0,7,12,NA,0.66,0.55,72
A10_t0_3_b_72,A10,t0,0,6,12,13,0.48,0.39,0.33,51.2
A10_t0_4_a_72,A10,t0,0,5,11,13,0.67,0.49,0.37,78.6
A10_t0_4_b_72,A10,t0,0,6,11,13,0.54,0.46,0.34,76.6
A10_t0_5a_72,A10,t0,0,0,9,12,NA,0.73,0.55,58.6
A10_t0_6_a_72,A10,t0,0,5,11,13,0.7,0.54,0.41,66.8
A10_t0_6_b_72,A10,t0,0,5,10,12,0.63,0.52,0.39,67.2
A10_t0_7_b_72,A10,t0,0,5,11,12,0.61,0.45,0.34,72.6
A10_t0_8_a_72,A10,t0,0,11,12,16,0.21,0.19,0.3,65.8
A10_t0_9_a_72,A10,t0,0,6,10,12,0.59,0.45,0.34,90.4
A10_t5_10_a_72,A10,t5,72,0,6,11,NA,0.63,0.54,65.5
A10_t5_10_b_72,A10,t5,72,6,10,11,0.51,0.45,0.36,77.2
A10_t5_11_a_72,A10,t5,72,6,10,12,0.42,0.43,0.33,68.7
A10_t5_11_b_72,A10,t5,72,6,10,11,0.53,0.42,0.34,86.1
A10_t5_12_a_72,A10,t5,72,6,11,12,0.47,0.41,0.35,62.3
A10_t5_12_b_72,A10,t5,72,8,11,12,0.33,0.28,0.22,91.3
A10_t5_1_a_72,A10,t5,72,6,10,11,0.48,0.43,0.33,90.7
A10_t5_1_b_72,A10,t5,72,5,10,11,0.5,0.4,0.33,109.7
A10_t5_2_a_72,A10,t5,72,6,10,11,0.43,0.35,0.3,114.5
A10_t5_2_b_72,A10,t5,72,5,10,10,0.46,0.36,0.33,116.3
A10_t5_3_a_72,A10,t5,72,5,9,10,0.33,0.34,0.26,128.3
A10_t5_3_b_72,A10,t5,72,6,10,11,0.33,0.31,0.25,120.1
A10_t5_4_a_72,A10,t5,72,6,10,12,0.5,0.43,0.34,91.5
A10_t5_4_b_72,A10,t5,72,6,10,12,0.38,0.42,0.34,85.2
A10_t5_5a_72,A10,t5,72,5,9,11,0.55,0.45,0.37,86.2
A10_t5_5_b_72,A10,t5,72,6,10,11,0.46,0.43,0.34,92.2
A10_t5_6_a_72,A10,t5,72,6,10,11,0.38,0.29,0.25,125.3
A10_t5_6_b_72,A10,t5,72,6,10,10,0.44,0.29,0.26,147.8
A10_t5_7_a_72,A10,t5,72,5,10,11,0.52,0.5,0.39,69.5
A10_t5_7_b_72,A10,t5,72,5,10,11,0.58,0.45,0.35,80.5
A10_t5_8_a_72,A10,t5,72,6,9,10,0.44,0.34,0.27,148.8
A10_t5_8_b_72,A10,t5,72,6,10,11,0.45,0.35,0.29,129.9
A10_t5_9_a_72,A10,t5,72,4,10,11,0.81,0.55,0.41,69.6
A10_t5_9_b_72,A10,t5,72,0,6,11,NA,0.54,0.51,55.1
A18_t0_1_a_72,A18,t0,0,8,9,9,0.36,0.18,0.17,89.7
A18_t0_1_b_72,A18,t0,0,8,10,10,0.52,0.22,0.21,118.2
A18_t0_2_a_72,A18,t0,0,8,9,10,0.43,0.24,0.21,112.9
A18_t0_2_b_72,A18,t0,0,8,10,10,0.54,0.24,0.2,74.4
A18_t0_3_a_72,A18,t0,0,8,9,10,0.57,0.24,0.21,111.4
A18_t0_3_b_72,A18,t0,0,9,9,10,0.29,0.26,0.2,148
A18_t0_4_a_72,A18,t0,0,8,9,10,0.62,0.28,0.23,98.4
A18_t0_4_b_72,A18,t0,0,8,9,10,0.56,0.25,0.24,106.4
A18_t0_5a_72,A18,t0,0,7,9,10,0.85,0.35,0.3,115.3
A18_t0_5_b_72,A18,t0,0,5,9,10,0.62,0.37,0.28,101.7
A18_t0_6_a_72,A18,t0,0,8,9,9,0.6,0.27,0.26,69.3
A18_t0_6_b_72,A18,t0,0,8,9,10,0.19,0.16,0.21,86.6
A18_t0_7_a_72,A18,t0,0,7,8,9,0.69,0.26,0.21,124.3
A18_t0_7_b_72,A18,t0,0,8,9,9,0.26,0.17,0.15,98.7
A18_t0_8_a_72,A18,t0,0,8,9,10,0.65,0.32,0.25,78.6
A18_t0_8_b_72,A18,t0,0,7,9,10,0.78,0.33,0.28,124
A18_t0_9_a_72,A18,t0,0,8,9,10,0.49,0.23,0.2,94.8
A18_t5_10_b_72,A18,t5,72,8,9,10,0.64,0.32,0.22,140.5
A18_t5_11_a_72,A18,t5,72,8,10,11,0.78,0.3,0.3,137.9
A18_t5_11_b_72,A18,t5,72,9,10,10,0.51,0.27,0.25,143.2
A18_t5_12_a_72,A18,t5,72,5,12,13,0.78,0.33,0.32,77.8
A18_t5_12_b_72,A18,t5,72,5,11,12,0.55,0.38,0.29,72.8
A18_t5_1_a_72,A18,t5,72,8,10,11,0.65,0.27,0.27,122.2
A18_t5_1_b_72,A18,t5,72,7,9,10,0.54,0.34,0.24,131.2
A18_t5_2_a_72,A18,t5,72,8,9,10,0.46,0.25,0.18,134.5
A18_t5_2_b_72,A18,t5,72,10,10,12,0.06,0.06,0.16,92.5
A18_t5_3_a_72,A18,t5,72,8,9,10,0.66,0.31,0.24,128
A18_t5_3_b_72,A18,t5,72,8,9,10,0.6,0.3,0.22,123.7
A18_t5_4_a_72,A18,t5,72,8,9,10,0.46,0.22,0.18,164.7
A18_t5_4_b_72,A18,t5,72,8,9,10,0.44,0.2,0.2,146.2
A18_t5_5a_72,A18,t5,72,8,9,10,0.73,0.35,0.25,143.9
A18_t5_5_b_72,A18,t5,72,8,9,10,0.62,0.3,0.28,146.3
A18_t5_6_a_72,A18,t5,72,8,9,9,0.4,0.21,0.2,124.2
A18_t5_6_b_72,A18,t5,72,7,8,9,0.59,0.29,0.22,117.2
A18_t5_7_a_72,A18,t5,72,6,9,9,0.75,0.33,0.3,115.3
A18_t5_7_b_72,A18,t5,72,7,9,10,0.67,0.28,0.27,135.4
A18_t5_9_a_72,A18,t5,72,8,9,10,0.53,0.25,0.24,129.8
A18_t5_9_b_72,A18,t5,72,0,8,9,NA,0.66,0.42,123.7
A17_t0_10_b_24,A17,t0,24,11,12,12,0.06,0.08,0.08,52.6
A17_t0_10_b_24,A17,t0,24,11,12,13,0.08,0.1,0.15,178
A17_t0_11_a_24,A17,t0,24,10,11,13,0.14,0.11,0.19,114.9
A17_t0_11_b_24,A17,t0,24,9,11,12,0.4,0.2,0.22,196.5
A17_t0_12_a_24,A17,t0,24,10,11,12,0.15,0.11,0.13,173.3
A17_t0_12_b_24,A17,t0,24,10,11,13,0.16,0.13,0.2,104
A17_t0_1_a_24,A17,t0,24,5,8,10,0.43,0.38,0.31,136.1
A17_t0_1_b_24,A17,t0,24,8,9,12,0.32,0.22,0.31,47.8
A17_t0_2_a_24,A17,t0,24,7,10,11,0.6,0.27,0.29,142.5
A17_t0_2_b_24,A17,t0,24,7,10,12,0.28,0.24,0.27,65.3
A17_t0_3_a_24,A17,t0,24,7,10,11,0.45,0.25,0.26,163.2
A17_t0_3_b_24,A17,t0,24,6,10,11,0.35,0.31,0.26,143.6
A17_t0_4_a_24,A17,t0,24,10,11,12,0.07,0.09,0.14,137.8
A17_t0_4_b_24,A17,t0,24,10,10,13,0.14,0.12,0.24,78.1
A17_t0_5_a_24,A17,t0,24,9,11,12,0.24,0.18,0.21,88.6
A17_t0_5_b_24,A17,t0,24,9,11,12,0.19,0.17,0.17,193
A17_t0_6_a_24,A17,t0,24,8,11,13,0.1,0.17,0.24,163.2
A17_t0_6_b_24,A17,t0,24,9,11,12,0.21,0.17,0.18,190.1
A17_t0_7_a_24,A17,t0,24,8,11,12,0.07,0.17,0.19,170
A17_t0_7_b_24,A17,t0,24,10,11,12,0.09,0.1,0.15,115.9
A17_t0_9_a_24,A17,t0,24,11,11,13,0.1,0.09,0.17,157.9
A17_t0_9_b_24,A17,t0,24,10,12,13,0.14,0.14,0.19,145.5
A17_t5_10_b_24,A17,t5,24,9,11,12,0.28,0.19,0.2,172.7
A17_t5_10_b_24,A17,t5,24,8,11,12,0.3,0.21,0.23,147.7
A17_t5_11_a_24,A17,t5,24,9,11,12,0.39,0.18,0.21,166
A17_t5_11_b_24,A17,t5,24,9,10,12,0.41,0.25,0.26,193.3
A17_t5_12_a_24,A17,t5,24,10,11,12,0.29,0.19,0.19,191.6
A17_t5_12_b_24,A17,t5,24,5,10,12,0.38,0.32,0.34,59.7
A17_t5_1_a_24,A17,t5,24,9,10,12,0.26,0.19,0.24,80.3
A17_t5_1_b_24,A17,t5,24,8,10,12,0.3,0.23,0.24,172.6
A17_t5_2_a_24,A17,t5,24,9,11,12,0.32,0.2,0.22,74.2
A17_t5_2_b_24,A17,t5,24,8,10,11,0.24,0.19,0.18,153.8
A17_t5_3_a_24,A17,t5,24,9,11,13,0.29,0.19,0.27,64.2
A17_t5_3_b_24,A17,t5,24,7,10,12,0.3,0.24,0.27,142.6
A17_t5_4_a_24,A17,t5,24,8,10,12,0.46,0.25,0.3,61
A17_t5_4_b_24,A17,t5,24,8,10,11,0.31,0.22,0.19,196.4
A17_t5_5_a_24,A17,t5,24,10,10,19,0.07,0.06,0.44,78.5
A17_t5_5_b_24,A17,t5,24,10,11,11,0.07,0.11,0.1,39.7
A17_t5_6_a_24,A17,t5,24,7,10,12,0.47,0.32,0.28,162.2
A17_t5_6_b_24,A17,t5,24,10,11,12,0.08,0.12,0.16,147.7
A17_t5_7_a_24,A17,t5,24,9,10,11,0.2,0.13,0.18,43.6
A17_t5_7_b_24,A17,t5,24,9,11,12,0.37,0.19,0.23,189.8
A17_t5_8_a_24,A17,t5,24,0,7,8,NA,0.72,0.5,50.8
A17_t5_8_b_24,A17,t5,24,2,5,8,0.85,0.54,0.49,47
A17_t5_9_a_24,A17,t5,24,8,11,12,0.27,0.21,0.22,146.7
A17_t5_9_b_24,A17,t5,24,8,11,12,0.24,0.2,0.22,163.1
A12_t0_10_b_24,A12,t0,24,1,5,8,NA,0.72,0.54,23.3
A12_t0_11_a_24,A12,t0,24,0,6,8,NA,0.76,0.53,41.6
A12_t0_11_b_24,A12,t0,24,0,6,8,NA,0.74,0.56,34.7
A12_t0_12_a_24,A12,t0,24,2,7,9,0.71,0.63,0.46,36.8
A12_t0_12_b_24,A12,t0,24,1,5,9,NA,0.59,0.52,31
A12_t0_1_a_24,A12,t0,24,0,5,8,NA,0.79,0.58,32.3
A12_t0_1_b_24,A12,t0,24,1,7,9,NA,0.75,0.51,34.8
A12_t0_2_a_24,A12,t0,24,2,7,9,0.71,0.65,0.47,37.3
A12_t0_3_a_24,A12,t0,24,2,6,8,0.89,0.63,0.48,41.3
A12_t0_3_b_24,A12,t0,24,2,7,9,0.7,0.64,0.46,42.2
A12_t0_4_a_24,A12,t0,24,0,8,9,NA,0.74,0.52,28.9
A12_t0_4_b_24,A12,t0,24,0,8,9,NA,0.82,0.59,35.6
A12_t0_5_a_24,A12,t0,24,2,5,8,0.79,0.53,0.5,50.6
A12_t0_5_b_24,A12,t0,24,2,7,8,0.56,0.6,0.45,39.9
A12_t0_6_a_24,A12,t0,24,2,6,8,0.54,0.58,0.45,45.3
A12_t0_6_b_24,A12,t0,24,3,7,8,0.57,0.56,0.43,44.8
A12_t0_7_a_24,A12,t0,24,0,8,9,NA,0.59,0.47,62.3
A12_t0_7_b_24,A12,t0,24,0,7,8,NA,0.7,0.52,49.5
A12_t0_8_a_24,A12,t0,24,0,7,9,NA,0.77,0.53,56.1
A12_t0_8_b_24,A12,t0,24,0,4,8,NA,0.64,0.57,44.2
A12_t0_9_a_24,A12,t0,24,0,6,9,NA,0.68,0.51,47.5
A12_t0_9_b_24,A12,t0,24,0,7,8,NA,0.71,0.5,55.7
A12_t5_10_b_24,A12,t5,24,8,10,12,0.23,0.17,0.25,95.1
A12_t5_10_b_24,A12,t5,24,3,10,11,0.68,0.58,0.43,54.2
A12_t5_11_a_24,A12,t5,24,0,7,9,NA,0.8,0.54,35.5
A12_t5_11_b_24,A12,t5,24,0,7,9,NA,0.82,0.53,39.1
A12_t5_12_a_24,A12,t5,24,0,8,9,NA,0.66,0.48,26.3
A12_t5_12_b_24,A12,t5,24,0,7,9,NA,0.81,0.54,53.9
A12_t5_1_a_24,A12,t5,24,2,6,7,0.79,0.59,0.44,71.5
A12_t5_1_b_24,A12,t5,24,1,7,8,NA,0.61,0.47,52.6
A12_t5_2_a_24,A12,t5,24,0,6,7,NA,0.56,0.43,57.4
A12_t5_2_b_24,A12,t5,24,2,6,8,0.85,0.62,0.46,63.8
A12_t5_3_a_24,A12,t5,24,3,7,8,0.65,0.53,0.42,64.7
A12_t5_3_b_24,A12,t5,24,2,6,8,0.69,0.61,0.45,60.6
A12_t5_4_a_24,A12,t5,24,0,7,8,NA,0.7,0.5,70.5
A12_t5_4_b_24,A12,t5,24,1,7,8,NA,0.64,0.47,58
A12_t5_5_a_24,A12,t5,24,3,7,8,0.62,0.57,0.41,57.3
A12_t5_5_b_24,A12,t5,24,2,5,8,0.71,0.54,0.47,38.1
A12_t5_6_a_24,A12,t5,24,3,6,8,0.47,0.49,0.42,46.8
A12_t5_6_b_24,A12,t5,24,3,5,7,0.5,0.52,0.45,53.3
A12_t5_7_a_24,A12,t5,24,0,3,7,NA,0.83,0.64,22.8
A12_t5_7_b_24,A12,t5,24,0,3,7,NA,0.86,0.64,23.4
A12_t5_8_b_24,A12,t5,24,0,7,8,NA,0.66,0.48,63.2
A12_t5_9_a_24,A12,t5,24,0,7,9,NA,0.84,0.55,77
A12_t5_9_b_24,A12,t5,24,0,7,8,NA,0.65,0.5,72.8
A10_t0_10_b_24,A10,t0,24,4,10,12,0.73,0.56,0.4,76.9
A10_t0_10_b_24,A10,t0,24,4,11,12,0.64,0.45,0.38,70
A10_t0_11_a_24,A10,t0,24,4,11,13,0.52,0.47,0.36,64.4
A10_t0_11_b_24,A10,t0,24,4,11,12,0.58,0.47,0.37,68.9
A10_t0_12_a_24,A10,t0,24,5,12,13,0.59,0.43,0.34,60.6
A10_t0_12_b_24,A10,t0,24,7,12,14,0.33,0.35,0.29,73
A10_t0_1_a_24,A10,t0,24,2,9,10,0.81,0.51,0.41,86.5
A10_t0_1_b_24,A10,t0,24,4,9,11,0.68,0.54,0.4,70.3
A10_t0_2_a_24,A10,t0,24,4,9,10,0.8,0.56,0.43,79.9
A10_t0_2_b_24,A10,t0,24,5,9,11,0.58,0.51,0.4,59.9
A10_t0_3_a_24,A10,t0,24,4,9,11,0.62,0.53,0.4,81.1
A10_t0_3_b_24,A10,t0,24,4,10,11,0.58,0.54,0.42,70
A10_t0_4_a_24,A10,t0,24,3,9,10,0.59,0.48,0.36,78.9
A10_t0_4_b_24,A10,t0,24,5,10,12,0.56,0.49,0.39,73.8
A10_t0_5_a_24,A10,t0,24,9,11,16,0.47,0.27,0.42,62.4
A10_t0_5_b_24,A10,t0,24,5,10,12,0.55,0.5,0.38,59.5
A10_t0_6_b_24,A10,t0,24,4,10,12,0.7,0.54,0.41,80.8
A10_t0_7_a_24,A10,t0,24,5,10,12,0.78,0.5,0.41,58.1
A10_t0_7_b_24,A10,t0,24,4,11,13,0.56,0.52,0.39,67.7
A10_t0_8_a_24,A10,t0,24,0,9,12,NA,0.55,0.45,70.6
A10_t0_8_b_24,A10,t0,24,4,11,13,0.58,0.53,0.4,62.7
A10_t0_9_a_24,A10,t0,24,4,11,12,0.74,0.49,0.4,93.6
A10_t0_9_b_24,A10,t0,24,5,11,13,0.48,0.46,0.36,83.8
A10_t5_10_b_24,A10,t5,24,3,8,10,1,0.62,0.46,58.7
A10_t5_10_b_24,A10,t5,24,5,9,11,0.66,0.52,0.4,73.8
A10_t5_11_a_24,A10,t5,24,3,8,11,0.87,0.6,0.46,68.9
A10_t5_11_b_24,A10,t5,24,4,8,10,0.71,0.53,0.42,78.2
A10_t5_12_a_24,A10,t5,24,4,9,11,0.68,0.56,0.42,59.7
A10_t5_12_b_24,A10,t5,24,9,11,14,0.48,0.28,0.32,68.8
A10_t5_1_a_24,A10,t5,24,3,9,10,0.82,0.53,0.39,87.3
A10_t5_1_b_24,A10,t5,24,4,9,11,0.61,0.56,0.42,66.3
A10_t5_2_a_24,A10,t5,24,3,8,10,0.85,0.62,0.46,57.5
A10_t5_2_b_24,A10,t5,24,3,9,10,0.65,0.59,0.44,68.4
A10_t5_3_a_24,A10,t5,24,4,9,10,0.66,0.51,0.37,95
A10_t5_3_b_24,A10,t5,24,5,9,11,0.61,0.48,0.37,76.1
A10_t5_4_a_24,A10,t5,24,3,10,11,0.62,0.48,0.39,78.8
A10_t5_4_b_24,A10,t5,24,5,10,11,0.48,0.46,0.36,60.8
A10_t5_5_a_24,A10,t5,24,8,9,10,0.27,0.14,0.15,110.4
A10_t5_5_b_24,A10,t5,24,1,9,10,NA,0.41,0.38,123.8
A10_t5_6_a_24,A10,t5,24,8,9,10,0.81,0.38,0.3,117
A10_t5_6_b_24,A10,t5,24,8,9,10,0.67,0.34,0.27,180.3
A10_t5_7_a_24,A10,t5,24,4,10,11,0.65,0.51,0.4,59.3
A10_t5_7_b_24,A10,t5,24,4,9,11,0.81,0.54,0.42,66.2
A10_t5_8_a_24,A10,t5,24,3,10,11,0.66,0.54,0.43,67.4
A10_t5_8_b_24,A10,t5,24,4,10,11,0.61,0.51,0.39,60.1
A10_t5_9_a_24,A10,t5,24,5,10,11,0.68,0.52,0.4,56.9
A10_t5_9_b_24,A10,t5,24,4,10,11,0.64,0.54,0.41,78.6
A18_t0_10_b_24,A18,t0,24,2,9,10,0.62,0.52,0.33,128.9
A18_t0_10_b_24,A18,t0,24,4,9,10,0.68,0.47,0.35,75.1
A18_t0_11_a_24,A18,t0,24,4,9,10,0.86,0.42,0.32,111.3
A18_t0_11_b_24,A18,t0,24,2,9,10,0.55,0.45,0.33,112.1
A18_t0_12_a_24,A18,t0,24,5,9,10,0.49,0.37,0.27,130.5
A18_t0_12_b_24,A18,t0,24,4,8,9,0.47,0.43,0.3,120.1
A18_t0_1_a_24,A18,t0,24,7,8,9,0.8,0.36,0.24,88.4
A18_t0_1_b_24,A18,t0,24,8,9,10,0.55,0.28,0.28,135.1
A18_t0_2_a_24,A18,t0,24,7,8,9,0.66,0.28,0.26,130.9
A18_t0_2_b_24,A18,t0,24,7,9,9,0.69,0.25,0.23,133
A18_t0_3_a_24,A18,t0,24,3,9,10,0.6,0.38,0.31,136
A18_t0_3_b_24,A18,t0,24,7,9,9,0.8,0.31,0.29,132.4
A18_t0_4_a_24,A18,t0,24,5,9,10,0.56,0.36,0.26,127
A18_t0_4_b_24,A18,t0,24,5,8,9,0.56,0.39,0.26,135.7
A18_t0_5_a_24,A18,t0,24,4,9,10,0.71,0.48,0.33,131
A18_t0_5_b_24,A18,t0,24,4,9,10,0.63,0.43,0.3,116.9
A18_t0_6_a_24,A18,t0,24,4,9,10,0.76,0.4,0.3,136.1
A18_t0_6_b_24,A18,t0,24,3,10,11,0.63,0.38,0.34,110.2
A18_t0_7_a_24,A18,t0,24,4,9,10,0.58,0.43,0.3,134.7
A18_t0_7_b_24,A18,t0,24,5,9,10,0.83,0.48,0.29,139
A18_t0_8_a_24,A18,t0,24,4,9,10,0.59,0.41,0.3,114.2
A18_t0_8_b_24,A18,t0,24,2,9,10,0.58,0.48,0.33,141
A18_t0_9_a_24,A18,t0,24,7,9,10,0.66,0.31,0.3,99.4
A18_t0_9_b_24,A18,t0,24,3,9,10,0.95,0.5,0.31,119.3
A18_t5_10_b_24,A18,t5,24,4,9,10,0.67,0.43,0.32,99.8
A18_t5_10_b_24,A18,t5,24,6,9,10,0.83,0.41,0.29,97.7
A18_t5_11_a_24,A18,t5,24,5,9,10,0.49,0.42,0.3,93.5
A18_t5_11_b_24,A18,t5,24,5,10,10,0.58,0.32,0.29,107.7
A18_t5_12_a_24,A18,t5,24,2,10,11,0.81,0.36,0.34,107.8
A18_t5_12_b_24,A18,t5,24,5,10,10,0.59,0.31,0.28,117.3
A18_t5_1_a_24,A18,t5,24,7,8,9,0.59,0.28,0.25,140.6
A18_t5_1_b_24,A18,t5,24,7,8,9,0.65,0.29,0.26,116.5
A18_t5_2_a_24,A18,t5,24,7,9,9,0.71,0.27,0.25,122.4
A18_t5_2_b_24,A18,t5,24,7,8,9,0.61,0.32,0.24,115.1
A18_t5_3_a_24,A18,t5,24,5,9,10,0.69,0.33,0.29,123.7
A18_t5_3_b_24,A18,t5,24,5,9,10,0.58,0.29,0.29,118.2
A18_t5_4_a_24,A18,t5,24,6,9,10,0.6,0.34,0.26,121.5
A18_t5_4_b_24,A18,t5,24,5,9,10,0.61,0.33,0.3,91.5
A18_t5_5_a_24,A18,t5,24,3,9,10,0.63,0.41,0.3,119
A18_t5_5_b_24,A18,t5,24,4,9,10,0.56,0.4,0.31,121.5
A18_t5_6_a_24,A18,t5,24,4,9,10,0.59,0.36,0.32,108.7
A18_t5_6_b_24,A18,t5,24,0,9,10,NA,0.45,0.34,103.2
A18_t5_7_a_24,A18,t5,24,3,9,10,0.68,0.45,0.33,87
A18_t5_7_b_24,A18,t5,24,3,8,9,0.74,0.56,0.39,129.1
A18_t5_8_a_24,A18,t5,24,4,8,10,0.85,0.58,0.41,90.4
A18_t5_8_b_24,A18,t5,24,4,9,10,0.5,0.4,0.3,103
A18_t5_9_a_24,A18,t5,24,4,9,10,0.62,0.39,0.3,92.1
A18_t5_9_b_24,A18,t5,24,2,9,10,0.84,0.47,0.33,123.4